run_name,loss_fn,ckpt_pt,epoch,val_loss,val_accuracy,weight_decay,learning_rate,wandb_path
20240420_234318_0568,symile,/gpfs/scratch/as16583/ckpts/high_dim/20240420_234318_0568/epoch=1-val_loss=0.8954-val_accuracy=0.9188.ckpt,1,0.8954148888587952,0.9187679886817932,0.0,0.0001,https://wandb.ai/rajesh-lab/symile/runs/7kt5ce2v
20240420_234318_0568,symile,/gpfs/scratch/as16583/ckpts/high_dim/20240420_234318_0568/epoch=3-val_loss=0.8369-val_accuracy=0.9242.ckpt,3,0.8368752002716064,0.9242159724235535,0.0,0.0001,https://wandb.ai/rajesh-lab/symile/runs/7kt5ce2v
20240420_234318_0568,symile,/gpfs/scratch/as16583/ckpts/high_dim/20240420_234318_0568/epoch=5-val_loss=0.8147-val_accuracy=0.9279.ckpt,5,0.8146759271621704,0.9278720021247864,0.0,0.0001,https://wandb.ai/rajesh-lab/symile/runs/7kt5ce2v
20240420_234318_0568,symile,/gpfs/scratch/as16583/ckpts/high_dim/20240420_234318_0568/epoch=7-val_loss=0.7980-val_accuracy=0.9257.ckpt,7,0.7980046272277832,0.9257320165634155,0.0,0.0001,https://wandb.ai/rajesh-lab/symile/runs/7kt5ce2v
20240420_234318_0568,symile,/gpfs/scratch/as16583/ckpts/high_dim/20240420_234318_0568/epoch=9-val_loss=0.7846-val_accuracy=0.9260.ckpt,9,0.7845554351806641,0.9259920120239258,0.0,0.0001,https://wandb.ai/rajesh-lab/symile/runs/7kt5ce2v
20240420_234318_0568,symile,/gpfs/scratch/as16583/ckpts/high_dim/20240420_234318_0568/epoch=11-val_loss=0.7775-val_accuracy=0.9293.ckpt,11,0.7775180339813232,0.9293000102043152,0.0,0.0001,https://wandb.ai/rajesh-lab/symile/runs/7kt5ce2v
20240420_234318_0568,symile,/gpfs/scratch/as16583/ckpts/high_dim/20240420_234318_0568/epoch=13-val_loss=0.7686-val_accuracy=0.9324.ckpt,13,0.7685566544532776,0.9323880076408386,0.0,0.0001,https://wandb.ai/rajesh-lab/symile/runs/7kt5ce2v
20240420_234318_0568,symile,/gpfs/scratch/as16583/ckpts/high_dim/20240420_234318_0568/epoch=15-val_loss=0.7656-val_accuracy=0.9312.ckpt,15,0.7656490206718445,0.9312360286712646,0.0,0.0001,https://wandb.ai/rajesh-lab/symile/runs/7kt5ce2v
20240420_234318_0568,symile,/gpfs/scratch/as16583/ckpts/high_dim/20240420_234318_0568/epoch=17-val_loss=0.7608-val_accuracy=0.9296.ckpt,17,0.7607532143592834,0.9295939803123474,0.0,0.0001,https://wandb.ai/rajesh-lab/symile/runs/7kt5ce2v
20240420_234318_0568,symile,/gpfs/scratch/as16583/ckpts/high_dim/20240420_234318_0568/epoch=19-val_loss=0.7560-val_accuracy=0.9229.ckpt,19,0.755952775478363,0.9228519797325134,0.0,0.0001,https://wandb.ai/rajesh-lab/symile/runs/7kt5ce2v
20240420_234318_0568,symile,/gpfs/scratch/as16583/ckpts/high_dim/20240420_234318_0568/epoch=21-val_loss=0.7545-val_accuracy=0.9249.ckpt,21,0.7544888854026794,0.9248620271682739,0.0,0.0001,https://wandb.ai/rajesh-lab/symile/runs/7kt5ce2v
20240420_234318_0568,symile,/gpfs/scratch/as16583/ckpts/high_dim/20240420_234318_0568/epoch=23-val_loss=0.7520-val_accuracy=0.9318.ckpt,23,0.7519901990890503,0.9317560195922852,0.0,0.0001,https://wandb.ai/rajesh-lab/symile/runs/7kt5ce2v
20240420_234318_5598,symile,/gpfs/scratch/as16583/ckpts/high_dim/20240420_234318_5598/epoch=1-val_loss=0.8884-val_accuracy=0.9235.ckpt,1,0.8884104490280151,0.9235339760780334,0.0,5e-05,https://wandb.ai/rajesh-lab/symile/runs/n3mcx2pn
20240420_234318_5598,symile,/gpfs/scratch/as16583/ckpts/high_dim/20240420_234318_5598/epoch=3-val_loss=0.8325-val_accuracy=0.9259.ckpt,3,0.8325415849685669,0.9259020090103149,0.0,5e-05,https://wandb.ai/rajesh-lab/symile/runs/n3mcx2pn
20240420_234318_5598,symile,/gpfs/scratch/as16583/ckpts/high_dim/20240420_234318_5598/epoch=5-val_loss=0.8053-val_accuracy=0.9331.ckpt,5,0.8053439259529114,0.9330700039863586,0.0,5e-05,https://wandb.ai/rajesh-lab/symile/runs/n3mcx2pn
20240420_234318_5598,symile,/gpfs/scratch/as16583/ckpts/high_dim/20240420_234318_5598/epoch=7-val_loss=0.7927-val_accuracy=0.9357.ckpt,7,0.7927466630935669,0.9357079863548279,0.0,5e-05,https://wandb.ai/rajesh-lab/symile/runs/n3mcx2pn
20240420_234318_5598,symile,/gpfs/scratch/as16583/ckpts/high_dim/20240420_234318_5598/epoch=9-val_loss=0.7770-val_accuracy=0.9336.ckpt,9,0.7770100235939026,0.9336339831352234,0.0,5e-05,https://wandb.ai/rajesh-lab/symile/runs/n3mcx2pn
20240420_234318_5598,symile,/gpfs/scratch/as16583/ckpts/high_dim/20240420_234318_5598/epoch=11-val_loss=0.7739-val_accuracy=0.9322.ckpt,11,0.7738940119743347,0.9321519732475281,0.0,5e-05,https://wandb.ai/rajesh-lab/symile/runs/n3mcx2pn
20240420_234318_5598,symile,/gpfs/scratch/as16583/ckpts/high_dim/20240420_234318_5598/epoch=13-val_loss=0.7663-val_accuracy=0.9364.ckpt,13,0.7663418054580688,0.9364339709281921,0.0,5e-05,https://wandb.ai/rajesh-lab/symile/runs/n3mcx2pn
20240420_234318_5598,symile,/gpfs/scratch/as16583/ckpts/high_dim/20240420_234318_5598/epoch=15-val_loss=0.7617-val_accuracy=0.9352.ckpt,15,0.7616657614707947,0.9352120161056519,0.0,5e-05,https://wandb.ai/rajesh-lab/symile/runs/n3mcx2pn
20240420_234318_5598,symile,/gpfs/scratch/as16583/ckpts/high_dim/20240420_234318_5598/epoch=17-val_loss=0.7569-val_accuracy=0.9319.ckpt,17,0.7568723559379578,0.9319339990615845,0.0,5e-05,https://wandb.ai/rajesh-lab/symile/runs/n3mcx2pn
20240420_234318_5598,symile,/gpfs/scratch/as16583/ckpts/high_dim/20240420_234318_5598/epoch=19-val_loss=0.7533-val_accuracy=0.9301.ckpt,19,0.7532915472984314,0.930105984210968,0.0,5e-05,https://wandb.ai/rajesh-lab/symile/runs/n3mcx2pn
20240420_234318_5598,symile,/gpfs/scratch/as16583/ckpts/high_dim/20240420_234318_5598/epoch=21-val_loss=0.7523-val_accuracy=0.9281.ckpt,21,0.7522863745689392,0.9281240105628967,0.0,5e-05,https://wandb.ai/rajesh-lab/symile/runs/n3mcx2pn
20240420_234318_5598,symile,/gpfs/scratch/as16583/ckpts/high_dim/20240420_234318_5598/epoch=23-val_loss=0.7443-val_accuracy=0.9334.ckpt,23,0.7442741990089417,0.9333500266075134,0.0,5e-05,https://wandb.ai/rajesh-lab/symile/runs/n3mcx2pn
20240420_234318_7972,symile,/gpfs/scratch/as16583/ckpts/high_dim/20240420_234318_7972/epoch=1-val_loss=0.9250-val_accuracy=0.9169.ckpt,1,0.9250316619873047,0.9169300198554993,0.0,1e-05,https://wandb.ai/rajesh-lab/symile/runs/eheyszc4
20240420_234318_7972,symile,/gpfs/scratch/as16583/ckpts/high_dim/20240420_234318_7972/epoch=3-val_loss=0.8576-val_accuracy=0.9291.ckpt,3,0.8576264977455139,0.9290500283241272,0.0,1e-05,https://wandb.ai/rajesh-lab/symile/runs/eheyszc4
20240420_234318_7972,symile,/gpfs/scratch/as16583/ckpts/high_dim/20240420_234318_7972/epoch=5-val_loss=0.8189-val_accuracy=0.9347.ckpt,5,0.8188652992248535,0.9347140192985535,0.0,1e-05,https://wandb.ai/rajesh-lab/symile/runs/eheyszc4
20240420_234318_7972,symile,/gpfs/scratch/as16583/ckpts/high_dim/20240420_234318_7972/epoch=7-val_loss=0.7984-val_accuracy=0.9367.ckpt,7,0.798384428024292,0.9367300271987915,0.0,1e-05,https://wandb.ai/rajesh-lab/symile/runs/eheyszc4
20240420_234318_7972,symile,/gpfs/scratch/as16583/ckpts/high_dim/20240420_234318_7972/epoch=9-val_loss=0.7796-val_accuracy=0.9371.ckpt,9,0.779553234577179,0.9370779991149902,0.0,1e-05,https://wandb.ai/rajesh-lab/symile/runs/eheyszc4
20240420_234318_7972,symile,/gpfs/scratch/as16583/ckpts/high_dim/20240420_234318_7972/epoch=11-val_loss=0.7779-val_accuracy=0.9384.ckpt,11,0.7779206037521362,0.9383739829063416,0.0,1e-05,https://wandb.ai/rajesh-lab/symile/runs/eheyszc4
20240420_234318_7972,symile,/gpfs/scratch/as16583/ckpts/high_dim/20240420_234318_7972/epoch=13-val_loss=0.7626-val_accuracy=0.9417.ckpt,13,0.762627124786377,0.9416660070419312,0.0,1e-05,https://wandb.ai/rajesh-lab/symile/runs/eheyszc4
20240420_234318_7972,symile,/gpfs/scratch/as16583/ckpts/high_dim/20240420_234318_7972/epoch=15-val_loss=0.7591-val_accuracy=0.9418.ckpt,15,0.7591420412063599,0.9418399930000305,0.0,1e-05,https://wandb.ai/rajesh-lab/symile/runs/eheyszc4
20240420_234318_7972,symile,/gpfs/scratch/as16583/ckpts/high_dim/20240420_234318_7972/epoch=17-val_loss=0.7537-val_accuracy=0.9391.ckpt,17,0.7536767721176147,0.9391360282897949,0.0,1e-05,https://wandb.ai/rajesh-lab/symile/runs/eheyszc4
20240420_234318_7972,symile,/gpfs/scratch/as16583/ckpts/high_dim/20240420_234318_7972/epoch=19-val_loss=0.7457-val_accuracy=0.9366.ckpt,19,0.7456575632095337,0.9366139769554138,0.0,1e-05,https://wandb.ai/rajesh-lab/symile/runs/eheyszc4
20240420_234318_7972,symile,/gpfs/scratch/as16583/ckpts/high_dim/20240420_234318_7972/epoch=21-val_loss=0.7448-val_accuracy=0.9401.ckpt,21,0.7448018193244934,0.9401379823684692,0.0,1e-05,https://wandb.ai/rajesh-lab/symile/runs/eheyszc4
20240420_234318_7972,symile,/gpfs/scratch/as16583/ckpts/high_dim/20240420_234318_7972/epoch=23-val_loss=0.7384-val_accuracy=0.9405.ckpt,23,0.7383965253829956,0.9405419826507568,0.0,1e-05,https://wandb.ai/rajesh-lab/symile/runs/eheyszc4
20240420_234418_3050,symile,/gpfs/scratch/as16583/ckpts/high_dim/20240420_234418_3050/epoch=1-val_loss=0.8954-val_accuracy=0.9188.ckpt,1,0.8954148888587952,0.9187679886817932,0.0001,0.0001,https://wandb.ai/rajesh-lab/symile/runs/yd8h84mp
20240420_234418_3050,symile,/gpfs/scratch/as16583/ckpts/high_dim/20240420_234418_3050/epoch=3-val_loss=0.8369-val_accuracy=0.9242.ckpt,3,0.8368752002716064,0.9242159724235535,0.0001,0.0001,https://wandb.ai/rajesh-lab/symile/runs/yd8h84mp
20240420_234418_3050,symile,/gpfs/scratch/as16583/ckpts/high_dim/20240420_234418_3050/epoch=5-val_loss=0.8147-val_accuracy=0.9279.ckpt,5,0.8146759271621704,0.9278720021247864,0.0001,0.0001,https://wandb.ai/rajesh-lab/symile/runs/yd8h84mp
20240420_234418_3050,symile,/gpfs/scratch/as16583/ckpts/high_dim/20240420_234418_3050/epoch=7-val_loss=0.7980-val_accuracy=0.9257.ckpt,7,0.7980046272277832,0.9257320165634155,0.0001,0.0001,https://wandb.ai/rajesh-lab/symile/runs/yd8h84mp
20240420_234418_3050,symile,/gpfs/scratch/as16583/ckpts/high_dim/20240420_234418_3050/epoch=9-val_loss=0.7846-val_accuracy=0.9260.ckpt,9,0.7845554351806641,0.9259920120239258,0.0001,0.0001,https://wandb.ai/rajesh-lab/symile/runs/yd8h84mp
20240420_234418_3050,symile,/gpfs/scratch/as16583/ckpts/high_dim/20240420_234418_3050/epoch=11-val_loss=0.7775-val_accuracy=0.9293.ckpt,11,0.7775180339813232,0.9293000102043152,0.0001,0.0001,https://wandb.ai/rajesh-lab/symile/runs/yd8h84mp
20240420_234418_3050,symile,/gpfs/scratch/as16583/ckpts/high_dim/20240420_234418_3050/epoch=13-val_loss=0.7686-val_accuracy=0.9324.ckpt,13,0.7685566544532776,0.9323880076408386,0.0001,0.0001,https://wandb.ai/rajesh-lab/symile/runs/yd8h84mp
20240420_234418_3050,symile,/gpfs/scratch/as16583/ckpts/high_dim/20240420_234418_3050/epoch=15-val_loss=0.7656-val_accuracy=0.9312.ckpt,15,0.7656490206718445,0.9312360286712646,0.0001,0.0001,https://wandb.ai/rajesh-lab/symile/runs/yd8h84mp
20240420_234418_3050,symile,/gpfs/scratch/as16583/ckpts/high_dim/20240420_234418_3050/epoch=17-val_loss=0.7608-val_accuracy=0.9296.ckpt,17,0.7607532143592834,0.9295939803123474,0.0001,0.0001,https://wandb.ai/rajesh-lab/symile/runs/yd8h84mp
20240420_234418_3050,symile,/gpfs/scratch/as16583/ckpts/high_dim/20240420_234418_3050/epoch=19-val_loss=0.7560-val_accuracy=0.9229.ckpt,19,0.755952775478363,0.9228519797325134,0.0001,0.0001,https://wandb.ai/rajesh-lab/symile/runs/yd8h84mp
20240420_234418_3050,symile,/gpfs/scratch/as16583/ckpts/high_dim/20240420_234418_3050/epoch=21-val_loss=0.7545-val_accuracy=0.9249.ckpt,21,0.7544888854026794,0.9248620271682739,0.0001,0.0001,https://wandb.ai/rajesh-lab/symile/runs/yd8h84mp
20240420_234418_3050,symile,/gpfs/scratch/as16583/ckpts/high_dim/20240420_234418_3050/epoch=23-val_loss=0.7520-val_accuracy=0.9318.ckpt,23,0.7519901990890503,0.9317560195922852,0.0001,0.0001,https://wandb.ai/rajesh-lab/symile/runs/yd8h84mp
20240420_234418_2932,symile,/gpfs/scratch/as16583/ckpts/high_dim/20240420_234418_2932/epoch=1-val_loss=0.8884-val_accuracy=0.9235.ckpt,1,0.8884104490280151,0.9235339760780334,0.0001,5e-05,https://wandb.ai/rajesh-lab/symile/runs/75od6hai
20240420_234418_2932,symile,/gpfs/scratch/as16583/ckpts/high_dim/20240420_234418_2932/epoch=3-val_loss=0.8325-val_accuracy=0.9259.ckpt,3,0.8325415849685669,0.9259020090103149,0.0001,5e-05,https://wandb.ai/rajesh-lab/symile/runs/75od6hai
20240420_234418_2932,symile,/gpfs/scratch/as16583/ckpts/high_dim/20240420_234418_2932/epoch=5-val_loss=0.8053-val_accuracy=0.9331.ckpt,5,0.8053439259529114,0.9330700039863586,0.0001,5e-05,https://wandb.ai/rajesh-lab/symile/runs/75od6hai
20240420_234418_2932,symile,/gpfs/scratch/as16583/ckpts/high_dim/20240420_234418_2932/epoch=7-val_loss=0.7927-val_accuracy=0.9357.ckpt,7,0.7927466630935669,0.9357079863548279,0.0001,5e-05,https://wandb.ai/rajesh-lab/symile/runs/75od6hai
20240420_234418_2932,symile,/gpfs/scratch/as16583/ckpts/high_dim/20240420_234418_2932/epoch=9-val_loss=0.7770-val_accuracy=0.9336.ckpt,9,0.7770100235939026,0.9336339831352234,0.0001,5e-05,https://wandb.ai/rajesh-lab/symile/runs/75od6hai
20240420_234418_2932,symile,/gpfs/scratch/as16583/ckpts/high_dim/20240420_234418_2932/epoch=11-val_loss=0.7739-val_accuracy=0.9322.ckpt,11,0.7738940119743347,0.9321519732475281,0.0001,5e-05,https://wandb.ai/rajesh-lab/symile/runs/75od6hai
20240420_234418_2932,symile,/gpfs/scratch/as16583/ckpts/high_dim/20240420_234418_2932/epoch=13-val_loss=0.7663-val_accuracy=0.9364.ckpt,13,0.7663418054580688,0.9364339709281921,0.0001,5e-05,https://wandb.ai/rajesh-lab/symile/runs/75od6hai
20240420_234418_2932,symile,/gpfs/scratch/as16583/ckpts/high_dim/20240420_234418_2932/epoch=15-val_loss=0.7617-val_accuracy=0.9352.ckpt,15,0.7616657614707947,0.9352120161056519,0.0001,5e-05,https://wandb.ai/rajesh-lab/symile/runs/75od6hai
20240420_234418_2932,symile,/gpfs/scratch/as16583/ckpts/high_dim/20240420_234418_2932/epoch=17-val_loss=0.7569-val_accuracy=0.9319.ckpt,17,0.7568723559379578,0.9319339990615845,0.0001,5e-05,https://wandb.ai/rajesh-lab/symile/runs/75od6hai
20240420_234418_2932,symile,/gpfs/scratch/as16583/ckpts/high_dim/20240420_234418_2932/epoch=19-val_loss=0.7533-val_accuracy=0.9301.ckpt,19,0.7532915472984314,0.930105984210968,0.0001,5e-05,https://wandb.ai/rajesh-lab/symile/runs/75od6hai
20240420_234418_2932,symile,/gpfs/scratch/as16583/ckpts/high_dim/20240420_234418_2932/epoch=21-val_loss=0.7523-val_accuracy=0.9281.ckpt,21,0.7522863745689392,0.9281240105628967,0.0001,5e-05,https://wandb.ai/rajesh-lab/symile/runs/75od6hai
20240420_234418_2932,symile,/gpfs/scratch/as16583/ckpts/high_dim/20240420_234418_2932/epoch=23-val_loss=0.7443-val_accuracy=0.9334.ckpt,23,0.7442741990089417,0.9333500266075134,0.0001,5e-05,https://wandb.ai/rajesh-lab/symile/runs/75od6hai
20240420_234418_5021,symile,/gpfs/scratch/as16583/ckpts/high_dim/20240420_234418_5021/epoch=1-val_loss=0.9250-val_accuracy=0.9169.ckpt,1,0.9250316619873047,0.9169300198554993,0.0001,1e-05,https://wandb.ai/rajesh-lab/symile/runs/gpv9rday
20240420_234418_5021,symile,/gpfs/scratch/as16583/ckpts/high_dim/20240420_234418_5021/epoch=3-val_loss=0.8576-val_accuracy=0.9291.ckpt,3,0.8576264977455139,0.9290500283241272,0.0001,1e-05,https://wandb.ai/rajesh-lab/symile/runs/gpv9rday
20240420_234418_5021,symile,/gpfs/scratch/as16583/ckpts/high_dim/20240420_234418_5021/epoch=5-val_loss=0.8189-val_accuracy=0.9347.ckpt,5,0.8188652992248535,0.9347140192985535,0.0001,1e-05,https://wandb.ai/rajesh-lab/symile/runs/gpv9rday
20240420_234418_5021,symile,/gpfs/scratch/as16583/ckpts/high_dim/20240420_234418_5021/epoch=7-val_loss=0.7984-val_accuracy=0.9367.ckpt,7,0.798384428024292,0.9367300271987915,0.0001,1e-05,https://wandb.ai/rajesh-lab/symile/runs/gpv9rday
20240420_234418_5021,symile,/gpfs/scratch/as16583/ckpts/high_dim/20240420_234418_5021/epoch=9-val_loss=0.7796-val_accuracy=0.9371.ckpt,9,0.779553234577179,0.9370779991149902,0.0001,1e-05,https://wandb.ai/rajesh-lab/symile/runs/gpv9rday
20240420_234418_5021,symile,/gpfs/scratch/as16583/ckpts/high_dim/20240420_234418_5021/epoch=11-val_loss=0.7779-val_accuracy=0.9384.ckpt,11,0.7779206037521362,0.9383739829063416,0.0001,1e-05,https://wandb.ai/rajesh-lab/symile/runs/gpv9rday
20240420_234418_5021,symile,/gpfs/scratch/as16583/ckpts/high_dim/20240420_234418_5021/epoch=13-val_loss=0.7626-val_accuracy=0.9417.ckpt,13,0.762627124786377,0.9416660070419312,0.0001,1e-05,https://wandb.ai/rajesh-lab/symile/runs/gpv9rday
20240420_234418_5021,symile,/gpfs/scratch/as16583/ckpts/high_dim/20240420_234418_5021/epoch=15-val_loss=0.7591-val_accuracy=0.9418.ckpt,15,0.7591420412063599,0.9418399930000305,0.0001,1e-05,https://wandb.ai/rajesh-lab/symile/runs/gpv9rday
20240420_234418_5021,symile,/gpfs/scratch/as16583/ckpts/high_dim/20240420_234418_5021/epoch=17-val_loss=0.7537-val_accuracy=0.9391.ckpt,17,0.7536767721176147,0.9391360282897949,0.0001,1e-05,https://wandb.ai/rajesh-lab/symile/runs/gpv9rday
20240420_234418_5021,symile,/gpfs/scratch/as16583/ckpts/high_dim/20240420_234418_5021/epoch=19-val_loss=0.7457-val_accuracy=0.9366.ckpt,19,0.7456575632095337,0.9366139769554138,0.0001,1e-05,https://wandb.ai/rajesh-lab/symile/runs/gpv9rday
20240420_234418_5021,symile,/gpfs/scratch/as16583/ckpts/high_dim/20240420_234418_5021/epoch=21-val_loss=0.7448-val_accuracy=0.9401.ckpt,21,0.7448018193244934,0.9401379823684692,0.0001,1e-05,https://wandb.ai/rajesh-lab/symile/runs/gpv9rday
20240420_234418_5021,symile,/gpfs/scratch/as16583/ckpts/high_dim/20240420_234418_5021/epoch=23-val_loss=0.7384-val_accuracy=0.9405.ckpt,23,0.7383965253829956,0.9405419826507568,0.0001,1e-05,https://wandb.ai/rajesh-lab/symile/runs/gpv9rday
20240421_230625_7384,symile,/gpfs/scratch/as16583/ckpts/high_dim/20240421_230625_7384/epoch=1-val_loss=0.8957-val_accuracy=0.9207.ckpt,1,0.8956826329231262,0.920661985874176,0.001,0.0001,https://wandb.ai/rajesh-lab/symile/runs/uw3rdngp
20240421_230625_7384,symile,/gpfs/scratch/as16583/ckpts/high_dim/20240421_230625_7384/epoch=3-val_loss=0.8399-val_accuracy=0.9222.ckpt,3,0.8398626446723938,0.9222319722175598,0.001,0.0001,https://wandb.ai/rajesh-lab/symile/runs/uw3rdngp
20240421_230625_7384,symile,/gpfs/scratch/as16583/ckpts/high_dim/20240421_230625_7384/epoch=5-val_loss=0.8157-val_accuracy=0.9259.ckpt,5,0.8157291412353516,0.925931990146637,0.001,0.0001,https://wandb.ai/rajesh-lab/symile/runs/uw3rdngp
20240421_230625_7384,symile,/gpfs/scratch/as16583/ckpts/high_dim/20240421_230625_7384/epoch=7-val_loss=0.8011-val_accuracy=0.9233.ckpt,7,0.801085352897644,0.9233180284500122,0.001,0.0001,https://wandb.ai/rajesh-lab/symile/runs/uw3rdngp
20240421_230625_7384,symile,/gpfs/scratch/as16583/ckpts/high_dim/20240421_230625_7384/epoch=9-val_loss=0.7862-val_accuracy=0.9285.ckpt,9,0.7862361073493958,0.9285240173339844,0.001,0.0001,https://wandb.ai/rajesh-lab/symile/runs/uw3rdngp
20240421_230625_7384,symile,/gpfs/scratch/as16583/ckpts/high_dim/20240421_230625_7384/epoch=11-val_loss=0.7803-val_accuracy=0.9294.ckpt,11,0.7803370952606201,0.9294400215148926,0.001,0.0001,https://wandb.ai/rajesh-lab/symile/runs/uw3rdngp
20240421_230625_7384,symile,/gpfs/scratch/as16583/ckpts/high_dim/20240421_230625_7384/epoch=13-val_loss=0.7726-val_accuracy=0.9284.ckpt,13,0.772596538066864,0.928409993648529,0.001,0.0001,https://wandb.ai/rajesh-lab/symile/runs/uw3rdngp
20240421_230625_7384,symile,/gpfs/scratch/as16583/ckpts/high_dim/20240421_230625_7384/epoch=15-val_loss=0.7701-val_accuracy=0.9300.ckpt,15,0.7701187133789062,0.9299899935722351,0.001,0.0001,https://wandb.ai/rajesh-lab/symile/runs/uw3rdngp
20240421_230625_7384,symile,/gpfs/scratch/as16583/ckpts/high_dim/20240421_230625_7384/epoch=17-val_loss=0.7642-val_accuracy=0.9301.ckpt,17,0.7641804814338684,0.9300780296325684,0.001,0.0001,https://wandb.ai/rajesh-lab/symile/runs/uw3rdngp
20240421_230625_7384,symile,/gpfs/scratch/as16583/ckpts/high_dim/20240421_230625_7384/epoch=19-val_loss=0.7607-val_accuracy=0.9240.ckpt,19,0.760675311088562,0.9240040183067322,0.001,0.0001,https://wandb.ai/rajesh-lab/symile/runs/uw3rdngp
20240421_230625_7384,symile,/gpfs/scratch/as16583/ckpts/high_dim/20240421_230625_7384/epoch=21-val_loss=0.7589-val_accuracy=0.9261.ckpt,21,0.7589450478553772,0.9260600209236145,0.001,0.0001,https://wandb.ai/rajesh-lab/symile/runs/uw3rdngp
20240421_230625_7384,symile,/gpfs/scratch/as16583/ckpts/high_dim/20240421_230625_7384/epoch=23-val_loss=0.7506-val_accuracy=0.9335.ckpt,23,0.7505988478660583,0.9334679841995239,0.001,0.0001,https://wandb.ai/rajesh-lab/symile/runs/uw3rdngp
20240421_231024_8682,symile,/gpfs/scratch/as16583/ckpts/high_dim/20240421_231024_8682/epoch=1-val_loss=0.8895-val_accuracy=0.9236.ckpt,1,0.8895280957221985,0.9235519766807556,0.001,5e-05,https://wandb.ai/rajesh-lab/symile/runs/w80aymvg
20240421_231024_8682,symile,/gpfs/scratch/as16583/ckpts/high_dim/20240421_231024_8682/epoch=3-val_loss=0.8338-val_accuracy=0.9253.ckpt,3,0.8338339924812317,0.925279974937439,0.001,5e-05,https://wandb.ai/rajesh-lab/symile/runs/w80aymvg
20240421_231024_8682,symile,/gpfs/scratch/as16583/ckpts/high_dim/20240421_231024_8682/epoch=5-val_loss=0.8063-val_accuracy=0.9322.ckpt,5,0.8062679171562195,0.9322220087051392,0.001,5e-05,https://wandb.ai/rajesh-lab/symile/runs/w80aymvg
20240421_231024_8682,symile,/gpfs/scratch/as16583/ckpts/high_dim/20240421_231024_8682/epoch=7-val_loss=0.7940-val_accuracy=0.9347.ckpt,7,0.7939881086349487,0.9347360134124756,0.001,5e-05,https://wandb.ai/rajesh-lab/symile/runs/w80aymvg
20240421_231024_8682,symile,/gpfs/scratch/as16583/ckpts/high_dim/20240421_231024_8682/epoch=9-val_loss=0.7781-val_accuracy=0.9349.ckpt,9,0.7781137228012085,0.9348940253257751,0.001,5e-05,https://wandb.ai/rajesh-lab/symile/runs/w80aymvg
20240421_231024_8682,symile,/gpfs/scratch/as16583/ckpts/high_dim/20240421_231024_8682/epoch=11-val_loss=0.7737-val_accuracy=0.9323.ckpt,11,0.7736550569534302,0.932345986366272,0.001,5e-05,https://wandb.ai/rajesh-lab/symile/runs/w80aymvg
20240421_231024_8682,symile,/gpfs/scratch/as16583/ckpts/high_dim/20240421_231024_8682/epoch=13-val_loss=0.7663-val_accuracy=0.9370.ckpt,13,0.7663264870643616,0.9370080232620239,0.001,5e-05,https://wandb.ai/rajesh-lab/symile/runs/w80aymvg
20240421_231024_8682,symile,/gpfs/scratch/as16583/ckpts/high_dim/20240421_231024_8682/epoch=15-val_loss=0.7627-val_accuracy=0.9335.ckpt,15,0.7626515030860901,0.9335100054740906,0.001,5e-05,https://wandb.ai/rajesh-lab/symile/runs/w80aymvg
20240421_231024_8682,symile,/gpfs/scratch/as16583/ckpts/high_dim/20240421_231024_8682/epoch=17-val_loss=0.7581-val_accuracy=0.9314.ckpt,17,0.75813227891922,0.9314240217208862,0.001,5e-05,https://wandb.ai/rajesh-lab/symile/runs/w80aymvg
20240421_231024_8682,symile,/gpfs/scratch/as16583/ckpts/high_dim/20240421_231024_8682/epoch=19-val_loss=0.7521-val_accuracy=0.9290.ckpt,19,0.7521173357963562,0.9290120005607605,0.001,5e-05,https://wandb.ai/rajesh-lab/symile/runs/w80aymvg
20240421_231024_8682,symile,/gpfs/scratch/as16583/ckpts/high_dim/20240421_231024_8682/epoch=21-val_loss=0.7538-val_accuracy=0.9269.ckpt,21,0.7538463473320007,0.9268800020217896,0.001,5e-05,https://wandb.ai/rajesh-lab/symile/runs/w80aymvg
20240421_231024_8682,symile,/gpfs/scratch/as16583/ckpts/high_dim/20240421_231024_8682/epoch=23-val_loss=0.7458-val_accuracy=0.9323.ckpt,23,0.7457547783851624,0.9323359727859497,0.001,5e-05,https://wandb.ai/rajesh-lab/symile/runs/w80aymvg
20240421_232822_1628,symile,/gpfs/scratch/as16583/ckpts/high_dim/20240421_232822_1628/epoch=1-val_loss=0.9250-val_accuracy=0.9169.ckpt,1,0.9250316619873047,0.9169300198554993,0.001,1e-05,https://wandb.ai/rajesh-lab/symile/runs/ia87ymgb
20240421_232822_1628,symile,/gpfs/scratch/as16583/ckpts/high_dim/20240421_232822_1628/epoch=3-val_loss=0.8576-val_accuracy=0.9291.ckpt,3,0.8576264977455139,0.9290500283241272,0.001,1e-05,https://wandb.ai/rajesh-lab/symile/runs/ia87ymgb
20240421_232822_1628,symile,/gpfs/scratch/as16583/ckpts/high_dim/20240421_232822_1628/epoch=5-val_loss=0.8189-val_accuracy=0.9347.ckpt,5,0.8188652992248535,0.9347140192985535,0.001,1e-05,https://wandb.ai/rajesh-lab/symile/runs/ia87ymgb
20240421_232822_1628,symile,/gpfs/scratch/as16583/ckpts/high_dim/20240421_232822_1628/epoch=7-val_loss=0.7984-val_accuracy=0.9367.ckpt,7,0.798384428024292,0.9367300271987915,0.001,1e-05,https://wandb.ai/rajesh-lab/symile/runs/ia87ymgb
20240421_232822_1628,symile,/gpfs/scratch/as16583/ckpts/high_dim/20240421_232822_1628/epoch=9-val_loss=0.7796-val_accuracy=0.9371.ckpt,9,0.779553234577179,0.9370779991149902,0.001,1e-05,https://wandb.ai/rajesh-lab/symile/runs/ia87ymgb
20240421_232822_1628,symile,/gpfs/scratch/as16583/ckpts/high_dim/20240421_232822_1628/epoch=11-val_loss=0.7779-val_accuracy=0.9384.ckpt,11,0.7779206037521362,0.9383739829063416,0.001,1e-05,https://wandb.ai/rajesh-lab/symile/runs/ia87ymgb
20240421_232822_1628,symile,/gpfs/scratch/as16583/ckpts/high_dim/20240421_232822_1628/epoch=13-val_loss=0.7626-val_accuracy=0.9417.ckpt,13,0.762627124786377,0.9416660070419312,0.001,1e-05,https://wandb.ai/rajesh-lab/symile/runs/ia87ymgb
20240421_232822_1628,symile,/gpfs/scratch/as16583/ckpts/high_dim/20240421_232822_1628/epoch=15-val_loss=0.7591-val_accuracy=0.9418.ckpt,15,0.7591420412063599,0.9418399930000305,0.001,1e-05,https://wandb.ai/rajesh-lab/symile/runs/ia87ymgb
20240421_232822_1628,symile,/gpfs/scratch/as16583/ckpts/high_dim/20240421_232822_1628/epoch=17-val_loss=0.7537-val_accuracy=0.9391.ckpt,17,0.7536767721176147,0.9391360282897949,0.001,1e-05,https://wandb.ai/rajesh-lab/symile/runs/ia87ymgb
20240421_232822_1628,symile,/gpfs/scratch/as16583/ckpts/high_dim/20240421_232822_1628/epoch=19-val_loss=0.7457-val_accuracy=0.9366.ckpt,19,0.7456575632095337,0.9366139769554138,0.001,1e-05,https://wandb.ai/rajesh-lab/symile/runs/ia87ymgb
20240421_232822_1628,symile,/gpfs/scratch/as16583/ckpts/high_dim/20240421_232822_1628/epoch=21-val_loss=0.7448-val_accuracy=0.9401.ckpt,21,0.7448018193244934,0.9401379823684692,0.001,1e-05,https://wandb.ai/rajesh-lab/symile/runs/ia87ymgb
20240421_232822_1628,symile,/gpfs/scratch/as16583/ckpts/high_dim/20240421_232822_1628/epoch=23-val_loss=0.7384-val_accuracy=0.9405.ckpt,23,0.7383965253829956,0.9405419826507568,0.001,1e-05,https://wandb.ai/rajesh-lab/symile/runs/ia87ymgb
20240422_113547_4506,clip,/gpfs/scratch/as16583/ckpts/high_dim/20240422_113547_4506/epoch=1-val_loss=11.8914-val_accuracy=0.4701.ckpt,1,11.891395568847656,0.4701460003852844,0.0,0.0001,https://wandb.ai/rajesh-lab/symile/runs/xkg77rbv
20240422_113547_4506,clip,/gpfs/scratch/as16583/ckpts/high_dim/20240422_113547_4506/epoch=3-val_loss=11.8526-val_accuracy=0.4718.ckpt,3,11.852581977844238,0.4718480110168457,0.0,0.0001,https://wandb.ai/rajesh-lab/symile/runs/xkg77rbv
20240422_113547_4506,clip,/gpfs/scratch/as16583/ckpts/high_dim/20240422_113547_4506/epoch=5-val_loss=11.8351-val_accuracy=0.4741.ckpt,5,11.835100173950195,0.4740560054779053,0.0,0.0001,https://wandb.ai/rajesh-lab/symile/runs/xkg77rbv
20240422_113547_4506,clip,/gpfs/scratch/as16583/ckpts/high_dim/20240422_113547_4506/epoch=7-val_loss=11.8233-val_accuracy=0.4742.ckpt,7,11.823257446289062,0.4741620123386383,0.0,0.0001,https://wandb.ai/rajesh-lab/symile/runs/xkg77rbv
20240422_113547_4506,clip,/gpfs/scratch/as16583/ckpts/high_dim/20240422_113547_4506/epoch=9-val_loss=11.8182-val_accuracy=0.4749.ckpt,9,11.818151473999023,0.4749099910259247,0.0,0.0001,https://wandb.ai/rajesh-lab/symile/runs/xkg77rbv
20240422_113547_4506,clip,/gpfs/scratch/as16583/ckpts/high_dim/20240422_113547_4506/epoch=11-val_loss=11.8111-val_accuracy=0.4735.ckpt,11,11.811084747314453,0.4735200107097626,0.0,0.0001,https://wandb.ai/rajesh-lab/symile/runs/xkg77rbv
20240422_113547_4506,clip,/gpfs/scratch/as16583/ckpts/high_dim/20240422_113547_4506/epoch=13-val_loss=11.8090-val_accuracy=0.4740.ckpt,13,11.808956146240234,0.4740400016307831,0.0,0.0001,https://wandb.ai/rajesh-lab/symile/runs/xkg77rbv
20240422_113547_4506,clip,/gpfs/scratch/as16583/ckpts/high_dim/20240422_113547_4506/epoch=15-val_loss=11.8062-val_accuracy=0.4747.ckpt,15,11.806197166442871,0.47467198967933655,0.0,0.0001,https://wandb.ai/rajesh-lab/symile/runs/xkg77rbv
20240422_113547_4506,clip,/gpfs/scratch/as16583/ckpts/high_dim/20240422_113547_4506/epoch=17-val_loss=11.8058-val_accuracy=0.4735.ckpt,17,11.805826187133789,0.4735180139541626,0.0,0.0001,https://wandb.ai/rajesh-lab/symile/runs/xkg77rbv
20240422_113547_4506,clip,/gpfs/scratch/as16583/ckpts/high_dim/20240422_113547_4506/epoch=19-val_loss=11.8050-val_accuracy=0.4742.ckpt,19,11.804981231689453,0.47423800826072693,0.0,0.0001,https://wandb.ai/rajesh-lab/symile/runs/xkg77rbv
20240422_113547_4506,clip,/gpfs/scratch/as16583/ckpts/high_dim/20240422_113547_4506/epoch=21-val_loss=11.8048-val_accuracy=0.4744.ckpt,21,11.804805755615234,0.47435200214385986,0.0,0.0001,https://wandb.ai/rajesh-lab/symile/runs/xkg77rbv
20240422_113547_4506,clip,/gpfs/scratch/as16583/ckpts/high_dim/20240422_113547_4506/epoch=23-val_loss=11.8054-val_accuracy=0.4729.ckpt,23,11.805397987365723,0.47285398840904236,0.0,0.0001,https://wandb.ai/rajesh-lab/symile/runs/xkg77rbv
20240422_113547_4377,clip,/gpfs/scratch/as16583/ckpts/high_dim/20240422_113547_4377/epoch=1-val_loss=11.8908-val_accuracy=0.4710.ckpt,1,11.890803337097168,0.47095000743865967,0.0,5e-05,https://wandb.ai/rajesh-lab/symile/runs/jv83o0ah
20240422_113547_4377,clip,/gpfs/scratch/as16583/ckpts/high_dim/20240422_113547_4377/epoch=3-val_loss=11.8542-val_accuracy=0.4725.ckpt,3,11.85417366027832,0.4725480079650879,0.0,5e-05,https://wandb.ai/rajesh-lab/symile/runs/jv83o0ah
20240422_113547_4377,clip,/gpfs/scratch/as16583/ckpts/high_dim/20240422_113547_4377/epoch=5-val_loss=11.8386-val_accuracy=0.4748.ckpt,5,11.838594436645508,0.4747900068759918,0.0,5e-05,https://wandb.ai/rajesh-lab/symile/runs/jv83o0ah
20240422_113547_4377,clip,/gpfs/scratch/as16583/ckpts/high_dim/20240422_113547_4377/epoch=7-val_loss=11.8293-val_accuracy=0.4741.ckpt,7,11.829341888427734,0.4741019904613495,0.0,5e-05,https://wandb.ai/rajesh-lab/symile/runs/jv83o0ah
20240422_113547_4377,clip,/gpfs/scratch/as16583/ckpts/high_dim/20240422_113547_4377/epoch=9-val_loss=11.8248-val_accuracy=0.4743.ckpt,9,11.824753761291504,0.4742960035800934,0.0,5e-05,https://wandb.ai/rajesh-lab/symile/runs/jv83o0ah
20240422_113547_4377,clip,/gpfs/scratch/as16583/ckpts/high_dim/20240422_113547_4377/epoch=11-val_loss=11.8202-val_accuracy=0.4742.ckpt,11,11.820160865783691,0.4741719961166382,0.0,5e-05,https://wandb.ai/rajesh-lab/symile/runs/jv83o0ah
20240422_113547_4377,clip,/gpfs/scratch/as16583/ckpts/high_dim/20240422_113547_4377/epoch=13-val_loss=11.8194-val_accuracy=0.4747.ckpt,13,11.819418907165527,0.474698007106781,0.0,5e-05,https://wandb.ai/rajesh-lab/symile/runs/jv83o0ah
20240422_113547_4377,clip,/gpfs/scratch/as16583/ckpts/high_dim/20240422_113547_4377/epoch=15-val_loss=11.8182-val_accuracy=0.4751.ckpt,15,11.818154335021973,0.47512200474739075,0.0,5e-05,https://wandb.ai/rajesh-lab/symile/runs/jv83o0ah
20240422_113547_4377,clip,/gpfs/scratch/as16583/ckpts/high_dim/20240422_113547_4377/epoch=17-val_loss=11.8192-val_accuracy=0.4747.ckpt,17,11.819190979003906,0.4747140109539032,0.0,5e-05,https://wandb.ai/rajesh-lab/symile/runs/jv83o0ah
20240422_113547_4377,clip,/gpfs/scratch/as16583/ckpts/high_dim/20240422_113547_4377/epoch=19-val_loss=11.8198-val_accuracy=0.4752.ckpt,19,11.81977653503418,0.47523200511932373,0.0,5e-05,https://wandb.ai/rajesh-lab/symile/runs/jv83o0ah
20240422_113547_4377,clip,/gpfs/scratch/as16583/ckpts/high_dim/20240422_113547_4377/epoch=21-val_loss=11.8218-val_accuracy=0.4749.ckpt,21,11.821824073791504,0.4749020040035248,0.0,5e-05,https://wandb.ai/rajesh-lab/symile/runs/jv83o0ah
20240422_113547_4377,clip,/gpfs/scratch/as16583/ckpts/high_dim/20240422_113547_4377/epoch=23-val_loss=11.8235-val_accuracy=0.4747.ckpt,23,11.823526382446289,0.4747380018234253,0.0,5e-05,https://wandb.ai/rajesh-lab/symile/runs/jv83o0ah
20240422_113618_9164,clip,/gpfs/scratch/as16583/ckpts/high_dim/20240422_113618_9164/epoch=1-val_loss=11.9703-val_accuracy=0.4698.ckpt,1,11.97033977508545,0.4697979986667633,0.0,1e-05,https://wandb.ai/rajesh-lab/symile/runs/ebnfy1x5
20240422_113618_9164,clip,/gpfs/scratch/as16583/ckpts/high_dim/20240422_113618_9164/epoch=3-val_loss=11.8986-val_accuracy=0.4710.ckpt,3,11.898578643798828,0.4709939956665039,0.0,1e-05,https://wandb.ai/rajesh-lab/symile/runs/ebnfy1x5
20240422_113618_9164,clip,/gpfs/scratch/as16583/ckpts/high_dim/20240422_113618_9164/epoch=5-val_loss=11.8702-val_accuracy=0.4734.ckpt,5,11.87015438079834,0.473363995552063,0.0,1e-05,https://wandb.ai/rajesh-lab/symile/runs/ebnfy1x5
20240422_113618_9164,clip,/gpfs/scratch/as16583/ckpts/high_dim/20240422_113618_9164/epoch=7-val_loss=11.8546-val_accuracy=0.4738.ckpt,7,11.854634284973145,0.47381600737571716,0.0,1e-05,https://wandb.ai/rajesh-lab/symile/runs/ebnfy1x5
20240422_113618_9164,clip,/gpfs/scratch/as16583/ckpts/high_dim/20240422_113618_9164/epoch=9-val_loss=11.8442-val_accuracy=0.4735.ckpt,9,11.844202995300293,0.47351598739624023,0.0,1e-05,https://wandb.ai/rajesh-lab/symile/runs/ebnfy1x5
20240422_113618_9164,clip,/gpfs/scratch/as16583/ckpts/high_dim/20240422_113618_9164/epoch=11-val_loss=11.8372-val_accuracy=0.4746.ckpt,11,11.837179183959961,0.474588006734848,0.0,1e-05,https://wandb.ai/rajesh-lab/symile/runs/ebnfy1x5
20240422_113618_9164,clip,/gpfs/scratch/as16583/ckpts/high_dim/20240422_113618_9164/epoch=13-val_loss=11.8336-val_accuracy=0.4756.ckpt,13,11.833630561828613,0.4755859971046448,0.0,1e-05,https://wandb.ai/rajesh-lab/symile/runs/ebnfy1x5
20240422_113618_9164,clip,/gpfs/scratch/as16583/ckpts/high_dim/20240422_113618_9164/epoch=15-val_loss=11.8317-val_accuracy=0.4744.ckpt,15,11.83172607421875,0.4744339883327484,0.0,1e-05,https://wandb.ai/rajesh-lab/symile/runs/ebnfy1x5
20240422_113618_9164,clip,/gpfs/scratch/as16583/ckpts/high_dim/20240422_113618_9164/epoch=17-val_loss=11.8288-val_accuracy=0.4750.ckpt,17,11.828800201416016,0.4749859869480133,0.0,1e-05,https://wandb.ai/rajesh-lab/symile/runs/ebnfy1x5
20240422_113618_9164,clip,/gpfs/scratch/as16583/ckpts/high_dim/20240422_113618_9164/epoch=19-val_loss=11.8281-val_accuracy=0.4752.ckpt,19,11.828109741210938,0.4752280116081238,0.0,1e-05,https://wandb.ai/rajesh-lab/symile/runs/ebnfy1x5
20240422_113618_9164,clip,/gpfs/scratch/as16583/ckpts/high_dim/20240422_113618_9164/epoch=21-val_loss=11.8274-val_accuracy=0.4759.ckpt,21,11.827398300170898,0.47588399052619934,0.0,1e-05,https://wandb.ai/rajesh-lab/symile/runs/ebnfy1x5
20240422_113618_9164,clip,/gpfs/scratch/as16583/ckpts/high_dim/20240422_113618_9164/epoch=23-val_loss=11.8288-val_accuracy=0.4751.ckpt,23,11.828797340393066,0.47513601183891296,0.0,1e-05,https://wandb.ai/rajesh-lab/symile/runs/ebnfy1x5
20240422_174900_5475,clip,/gpfs/scratch/as16583/ckpts/high_dim/20240422_174900_5475/epoch=1-val_loss=11.8914-val_accuracy=0.4701.ckpt,1,11.891395568847656,0.4701460003852844,0.0001,0.0001,https://wandb.ai/rajesh-lab/symile/runs/mgzpba37
20240422_174900_5475,clip,/gpfs/scratch/as16583/ckpts/high_dim/20240422_174900_5475/epoch=3-val_loss=11.8526-val_accuracy=0.4718.ckpt,3,11.852581977844238,0.4718480110168457,0.0001,0.0001,https://wandb.ai/rajesh-lab/symile/runs/mgzpba37
20240422_174900_5475,clip,/gpfs/scratch/as16583/ckpts/high_dim/20240422_174900_5475/epoch=5-val_loss=11.8351-val_accuracy=0.4741.ckpt,5,11.835100173950195,0.4740560054779053,0.0001,0.0001,https://wandb.ai/rajesh-lab/symile/runs/mgzpba37
20240422_174900_5475,clip,/gpfs/scratch/as16583/ckpts/high_dim/20240422_174900_5475/epoch=7-val_loss=11.8233-val_accuracy=0.4742.ckpt,7,11.823257446289062,0.4741620123386383,0.0001,0.0001,https://wandb.ai/rajesh-lab/symile/runs/mgzpba37
20240422_174900_5475,clip,/gpfs/scratch/as16583/ckpts/high_dim/20240422_174900_5475/epoch=9-val_loss=11.8182-val_accuracy=0.4749.ckpt,9,11.818151473999023,0.4749099910259247,0.0001,0.0001,https://wandb.ai/rajesh-lab/symile/runs/mgzpba37
20240422_174900_5475,clip,/gpfs/scratch/as16583/ckpts/high_dim/20240422_174900_5475/epoch=11-val_loss=11.8111-val_accuracy=0.4735.ckpt,11,11.811084747314453,0.4735200107097626,0.0001,0.0001,https://wandb.ai/rajesh-lab/symile/runs/mgzpba37
20240422_174900_5475,clip,/gpfs/scratch/as16583/ckpts/high_dim/20240422_174900_5475/epoch=13-val_loss=11.8090-val_accuracy=0.4740.ckpt,13,11.808956146240234,0.4740400016307831,0.0001,0.0001,https://wandb.ai/rajesh-lab/symile/runs/mgzpba37
20240422_174900_5475,clip,/gpfs/scratch/as16583/ckpts/high_dim/20240422_174900_5475/epoch=15-val_loss=11.8062-val_accuracy=0.4747.ckpt,15,11.806197166442871,0.47467198967933655,0.0001,0.0001,https://wandb.ai/rajesh-lab/symile/runs/mgzpba37
20240422_174900_5475,clip,/gpfs/scratch/as16583/ckpts/high_dim/20240422_174900_5475/epoch=17-val_loss=11.8058-val_accuracy=0.4735.ckpt,17,11.805826187133789,0.4735180139541626,0.0001,0.0001,https://wandb.ai/rajesh-lab/symile/runs/mgzpba37
20240422_174900_5475,clip,/gpfs/scratch/as16583/ckpts/high_dim/20240422_174900_5475/epoch=19-val_loss=11.8050-val_accuracy=0.4742.ckpt,19,11.804981231689453,0.47423800826072693,0.0001,0.0001,https://wandb.ai/rajesh-lab/symile/runs/mgzpba37
20240422_174900_5475,clip,/gpfs/scratch/as16583/ckpts/high_dim/20240422_174900_5475/epoch=21-val_loss=11.8048-val_accuracy=0.4744.ckpt,21,11.804805755615234,0.47435200214385986,0.0001,0.0001,https://wandb.ai/rajesh-lab/symile/runs/mgzpba37
20240422_174900_5475,clip,/gpfs/scratch/as16583/ckpts/high_dim/20240422_174900_5475/epoch=23-val_loss=11.8054-val_accuracy=0.4729.ckpt,23,11.805397987365723,0.47285398840904236,0.0001,0.0001,https://wandb.ai/rajesh-lab/symile/runs/mgzpba37
20240422_222843_3978,clip,/gpfs/scratch/as16583/ckpts/high_dim/20240422_222843_3978/epoch=1-val_loss=11.8908-val_accuracy=0.4710.ckpt,1,11.890803337097168,0.47095000743865967,0.0001,5e-05,https://wandb.ai/rajesh-lab/symile/runs/s1c1zj18
20240422_222843_3978,clip,/gpfs/scratch/as16583/ckpts/high_dim/20240422_222843_3978/epoch=3-val_loss=11.8542-val_accuracy=0.4725.ckpt,3,11.85417366027832,0.4725480079650879,0.0001,5e-05,https://wandb.ai/rajesh-lab/symile/runs/s1c1zj18
20240422_222843_3978,clip,/gpfs/scratch/as16583/ckpts/high_dim/20240422_222843_3978/epoch=5-val_loss=11.8386-val_accuracy=0.4748.ckpt,5,11.838594436645508,0.4747900068759918,0.0001,5e-05,https://wandb.ai/rajesh-lab/symile/runs/s1c1zj18
20240422_222843_3978,clip,/gpfs/scratch/as16583/ckpts/high_dim/20240422_222843_3978/epoch=7-val_loss=11.8293-val_accuracy=0.4741.ckpt,7,11.829341888427734,0.4741019904613495,0.0001,5e-05,https://wandb.ai/rajesh-lab/symile/runs/s1c1zj18
20240422_222843_3978,clip,/gpfs/scratch/as16583/ckpts/high_dim/20240422_222843_3978/epoch=9-val_loss=11.8248-val_accuracy=0.4743.ckpt,9,11.824753761291504,0.4742960035800934,0.0001,5e-05,https://wandb.ai/rajesh-lab/symile/runs/s1c1zj18
20240422_222843_3978,clip,/gpfs/scratch/as16583/ckpts/high_dim/20240422_222843_3978/epoch=11-val_loss=11.8202-val_accuracy=0.4742.ckpt,11,11.820160865783691,0.4741719961166382,0.0001,5e-05,https://wandb.ai/rajesh-lab/symile/runs/s1c1zj18
20240422_222843_3978,clip,/gpfs/scratch/as16583/ckpts/high_dim/20240422_222843_3978/epoch=13-val_loss=11.8194-val_accuracy=0.4747.ckpt,13,11.819418907165527,0.474698007106781,0.0001,5e-05,https://wandb.ai/rajesh-lab/symile/runs/s1c1zj18
20240422_222843_3978,clip,/gpfs/scratch/as16583/ckpts/high_dim/20240422_222843_3978/epoch=15-val_loss=11.8182-val_accuracy=0.4751.ckpt,15,11.818154335021973,0.47512200474739075,0.0001,5e-05,https://wandb.ai/rajesh-lab/symile/runs/s1c1zj18
20240422_222843_3978,clip,/gpfs/scratch/as16583/ckpts/high_dim/20240422_222843_3978/epoch=17-val_loss=11.8192-val_accuracy=0.4747.ckpt,17,11.819190979003906,0.4747140109539032,0.0001,5e-05,https://wandb.ai/rajesh-lab/symile/runs/s1c1zj18
20240422_222843_3978,clip,/gpfs/scratch/as16583/ckpts/high_dim/20240422_222843_3978/epoch=19-val_loss=11.8198-val_accuracy=0.4752.ckpt,19,11.81977653503418,0.47523200511932373,0.0001,5e-05,https://wandb.ai/rajesh-lab/symile/runs/s1c1zj18
20240422_222843_3978,clip,/gpfs/scratch/as16583/ckpts/high_dim/20240422_222843_3978/epoch=21-val_loss=11.8218-val_accuracy=0.4749.ckpt,21,11.821824073791504,0.4749020040035248,0.0001,5e-05,https://wandb.ai/rajesh-lab/symile/runs/s1c1zj18
20240422_222843_3978,clip,/gpfs/scratch/as16583/ckpts/high_dim/20240422_222843_3978/epoch=23-val_loss=11.8235-val_accuracy=0.4747.ckpt,23,11.823526382446289,0.4747380018234253,0.0001,5e-05,https://wandb.ai/rajesh-lab/symile/runs/s1c1zj18
20240422_230041_4123,clip,/gpfs/scratch/as16583/ckpts/high_dim/20240422_230041_4123/epoch=1-val_loss=11.9703-val_accuracy=0.4698.ckpt,1,11.97033977508545,0.4697979986667633,0.0001,1e-05,https://wandb.ai/rajesh-lab/symile/runs/plixkmla
20240422_230041_4123,clip,/gpfs/scratch/as16583/ckpts/high_dim/20240422_230041_4123/epoch=3-val_loss=11.8986-val_accuracy=0.4710.ckpt,3,11.898578643798828,0.4709939956665039,0.0001,1e-05,https://wandb.ai/rajesh-lab/symile/runs/plixkmla
20240422_230041_4123,clip,/gpfs/scratch/as16583/ckpts/high_dim/20240422_230041_4123/epoch=5-val_loss=11.8702-val_accuracy=0.4734.ckpt,5,11.87015438079834,0.473363995552063,0.0001,1e-05,https://wandb.ai/rajesh-lab/symile/runs/plixkmla
20240422_230041_4123,clip,/gpfs/scratch/as16583/ckpts/high_dim/20240422_230041_4123/epoch=7-val_loss=11.8546-val_accuracy=0.4738.ckpt,7,11.854634284973145,0.47381600737571716,0.0001,1e-05,https://wandb.ai/rajesh-lab/symile/runs/plixkmla
20240422_230041_4123,clip,/gpfs/scratch/as16583/ckpts/high_dim/20240422_230041_4123/epoch=9-val_loss=11.8442-val_accuracy=0.4735.ckpt,9,11.844202995300293,0.47351598739624023,0.0001,1e-05,https://wandb.ai/rajesh-lab/symile/runs/plixkmla
20240422_230041_4123,clip,/gpfs/scratch/as16583/ckpts/high_dim/20240422_230041_4123/epoch=11-val_loss=11.8372-val_accuracy=0.4746.ckpt,11,11.837179183959961,0.474588006734848,0.0001,1e-05,https://wandb.ai/rajesh-lab/symile/runs/plixkmla
20240422_230041_4123,clip,/gpfs/scratch/as16583/ckpts/high_dim/20240422_230041_4123/epoch=13-val_loss=11.8336-val_accuracy=0.4756.ckpt,13,11.833630561828613,0.4755859971046448,0.0001,1e-05,https://wandb.ai/rajesh-lab/symile/runs/plixkmla
20240422_230041_4123,clip,/gpfs/scratch/as16583/ckpts/high_dim/20240422_230041_4123/epoch=15-val_loss=11.8317-val_accuracy=0.4744.ckpt,15,11.83172607421875,0.4744339883327484,0.0001,1e-05,https://wandb.ai/rajesh-lab/symile/runs/plixkmla
20240422_230041_4123,clip,/gpfs/scratch/as16583/ckpts/high_dim/20240422_230041_4123/epoch=17-val_loss=11.8288-val_accuracy=0.4750.ckpt,17,11.828800201416016,0.4749859869480133,0.0001,1e-05,https://wandb.ai/rajesh-lab/symile/runs/plixkmla
20240422_230041_4123,clip,/gpfs/scratch/as16583/ckpts/high_dim/20240422_230041_4123/epoch=19-val_loss=11.8281-val_accuracy=0.4752.ckpt,19,11.828109741210938,0.4752280116081238,0.0001,1e-05,https://wandb.ai/rajesh-lab/symile/runs/plixkmla
20240422_230041_4123,clip,/gpfs/scratch/as16583/ckpts/high_dim/20240422_230041_4123/epoch=21-val_loss=11.8274-val_accuracy=0.4759.ckpt,21,11.827398300170898,0.47588399052619934,0.0001,1e-05,https://wandb.ai/rajesh-lab/symile/runs/plixkmla
20240422_230041_4123,clip,/gpfs/scratch/as16583/ckpts/high_dim/20240422_230041_4123/epoch=23-val_loss=11.8288-val_accuracy=0.4751.ckpt,23,11.828797340393066,0.47513601183891296,0.0001,1e-05,https://wandb.ai/rajesh-lab/symile/runs/plixkmla
20240422_230301_2191,clip,/gpfs/scratch/as16583/ckpts/high_dim/20240422_230301_2191/epoch=1-val_loss=11.8913-val_accuracy=0.4707.ckpt,1,11.891281127929688,0.4706760048866272,0.001,0.0001,https://wandb.ai/rajesh-lab/symile/runs/zghe0tbe
20240422_230301_2191,clip,/gpfs/scratch/as16583/ckpts/high_dim/20240422_230301_2191/epoch=3-val_loss=11.8525-val_accuracy=0.4724.ckpt,3,11.852489471435547,0.4724400043487549,0.001,0.0001,https://wandb.ai/rajesh-lab/symile/runs/zghe0tbe
20240422_230301_2191,clip,/gpfs/scratch/as16583/ckpts/high_dim/20240422_230301_2191/epoch=5-val_loss=11.8353-val_accuracy=0.4740.ckpt,5,11.835302352905273,0.4739780128002167,0.001,0.0001,https://wandb.ai/rajesh-lab/symile/runs/zghe0tbe
20240422_230301_2191,clip,/gpfs/scratch/as16583/ckpts/high_dim/20240422_230301_2191/epoch=7-val_loss=11.8241-val_accuracy=0.4740.ckpt,7,11.824112892150879,0.4739699959754944,0.001,0.0001,https://wandb.ai/rajesh-lab/symile/runs/zghe0tbe
20240422_230301_2191,clip,/gpfs/scratch/as16583/ckpts/high_dim/20240422_230301_2191/epoch=9-val_loss=11.8185-val_accuracy=0.4735.ckpt,9,11.818541526794434,0.47348400950431824,0.001,0.0001,https://wandb.ai/rajesh-lab/symile/runs/zghe0tbe
20240422_230301_2191,clip,/gpfs/scratch/as16583/ckpts/high_dim/20240422_230301_2191/epoch=11-val_loss=11.8117-val_accuracy=0.4729.ckpt,11,11.811699867248535,0.47287800908088684,0.001,0.0001,https://wandb.ai/rajesh-lab/symile/runs/zghe0tbe
20240422_230301_2191,clip,/gpfs/scratch/as16583/ckpts/high_dim/20240422_230301_2191/epoch=13-val_loss=11.8096-val_accuracy=0.4738.ckpt,13,11.809551239013672,0.47383999824523926,0.001,0.0001,https://wandb.ai/rajesh-lab/symile/runs/zghe0tbe
20240422_230301_2191,clip,/gpfs/scratch/as16583/ckpts/high_dim/20240422_230301_2191/epoch=15-val_loss=11.8066-val_accuracy=0.4735.ckpt,15,11.806649208068848,0.4735420048236847,0.001,0.0001,https://wandb.ai/rajesh-lab/symile/runs/zghe0tbe
20240422_230301_2191,clip,/gpfs/scratch/as16583/ckpts/high_dim/20240422_230301_2191/epoch=17-val_loss=11.8063-val_accuracy=0.4727.ckpt,17,11.80628490447998,0.47267600893974304,0.001,0.0001,https://wandb.ai/rajesh-lab/symile/runs/zghe0tbe
20240422_230301_2191,clip,/gpfs/scratch/as16583/ckpts/high_dim/20240422_230301_2191/epoch=19-val_loss=11.8058-val_accuracy=0.4732.ckpt,19,11.805750846862793,0.4732379913330078,0.001,0.0001,https://wandb.ai/rajesh-lab/symile/runs/zghe0tbe
20240422_230301_2191,clip,/gpfs/scratch/as16583/ckpts/high_dim/20240422_230301_2191/epoch=21-val_loss=11.8062-val_accuracy=0.4735.ckpt,21,11.806173324584961,0.4735339879989624,0.001,0.0001,https://wandb.ai/rajesh-lab/symile/runs/zghe0tbe
20240422_230301_2191,clip,/gpfs/scratch/as16583/ckpts/high_dim/20240422_230301_2191/epoch=23-val_loss=11.8059-val_accuracy=0.4729.ckpt,23,11.80593490600586,0.4729059934616089,0.001,0.0001,https://wandb.ai/rajesh-lab/symile/runs/zghe0tbe
20240423_115834_8904,clip,/gpfs/scratch/as16583/ckpts/high_dim/20240423_115834_8904/epoch=1-val_loss=11.8910-val_accuracy=0.4709.ckpt,1,11.890968322753906,0.47085198760032654,0.001,5e-05,https://wandb.ai/rajesh-lab/symile/runs/o13sm41p
20240423_115834_8904,clip,/gpfs/scratch/as16583/ckpts/high_dim/20240423_115834_8904/epoch=3-val_loss=11.8544-val_accuracy=0.4728.ckpt,3,11.854419708251953,0.47276800870895386,0.001,5e-05,https://wandb.ai/rajesh-lab/symile/runs/o13sm41p
20240423_115834_8904,clip,/gpfs/scratch/as16583/ckpts/high_dim/20240423_115834_8904/epoch=5-val_loss=11.8389-val_accuracy=0.4748.ckpt,5,11.838894844055176,0.47477400302886963,0.001,5e-05,https://wandb.ai/rajesh-lab/symile/runs/o13sm41p
20240423_115834_8904,clip,/gpfs/scratch/as16583/ckpts/high_dim/20240423_115834_8904/epoch=7-val_loss=11.8297-val_accuracy=0.4742.ckpt,7,11.82968521118164,0.47423800826072693,0.001,5e-05,https://wandb.ai/rajesh-lab/symile/runs/o13sm41p
20240423_115834_8904,clip,/gpfs/scratch/as16583/ckpts/high_dim/20240423_115834_8904/epoch=9-val_loss=11.8249-val_accuracy=0.4745.ckpt,9,11.824946403503418,0.474481999874115,0.001,5e-05,https://wandb.ai/rajesh-lab/symile/runs/o13sm41p
20240423_115834_8904,clip,/gpfs/scratch/as16583/ckpts/high_dim/20240423_115834_8904/epoch=11-val_loss=11.8205-val_accuracy=0.4741.ckpt,11,11.82054328918457,0.47407200932502747,0.001,5e-05,https://wandb.ai/rajesh-lab/symile/runs/o13sm41p
20240423_115834_8904,clip,/gpfs/scratch/as16583/ckpts/high_dim/20240423_115834_8904/epoch=13-val_loss=11.8199-val_accuracy=0.4753.ckpt,13,11.81993293762207,0.47530001401901245,0.001,5e-05,https://wandb.ai/rajesh-lab/symile/runs/o13sm41p
20240423_115834_8904,clip,/gpfs/scratch/as16583/ckpts/high_dim/20240423_115834_8904/epoch=15-val_loss=11.8186-val_accuracy=0.4746.ckpt,15,11.818620681762695,0.47462600469589233,0.001,5e-05,https://wandb.ai/rajesh-lab/symile/runs/o13sm41p
20240423_115834_8904,clip,/gpfs/scratch/as16583/ckpts/high_dim/20240423_115834_8904/epoch=17-val_loss=11.8195-val_accuracy=0.4748.ckpt,17,11.819531440734863,0.4747540056705475,0.001,5e-05,https://wandb.ai/rajesh-lab/symile/runs/o13sm41p
20240423_115834_8904,clip,/gpfs/scratch/as16583/ckpts/high_dim/20240423_115834_8904/epoch=19-val_loss=11.8199-val_accuracy=0.4751.ckpt,19,11.81993579864502,0.4750640094280243,0.001,5e-05,https://wandb.ai/rajesh-lab/symile/runs/o13sm41p
20240423_115834_8904,clip,/gpfs/scratch/as16583/ckpts/high_dim/20240423_115834_8904/epoch=21-val_loss=11.8224-val_accuracy=0.4747.ckpt,21,11.822364807128906,0.4747200012207031,0.001,5e-05,https://wandb.ai/rajesh-lab/symile/runs/o13sm41p
20240423_115834_8904,clip,/gpfs/scratch/as16583/ckpts/high_dim/20240423_115834_8904/epoch=23-val_loss=11.8240-val_accuracy=0.4745.ckpt,23,11.823990821838379,0.4744960069656372,0.001,5e-05,https://wandb.ai/rajesh-lab/symile/runs/o13sm41p
20240423_115936_9838,clip,/gpfs/scratch/as16583/ckpts/high_dim/20240423_115936_9838/epoch=1-val_loss=11.9703-val_accuracy=0.4698.ckpt,1,11.97033977508545,0.4697979986667633,0.001,1e-05,https://wandb.ai/rajesh-lab/symile/runs/bihyyevy
20240423_115936_9838,clip,/gpfs/scratch/as16583/ckpts/high_dim/20240423_115936_9838/epoch=3-val_loss=11.8986-val_accuracy=0.4710.ckpt,3,11.898578643798828,0.4709939956665039,0.001,1e-05,https://wandb.ai/rajesh-lab/symile/runs/bihyyevy
20240423_115936_9838,clip,/gpfs/scratch/as16583/ckpts/high_dim/20240423_115936_9838/epoch=5-val_loss=11.8702-val_accuracy=0.4734.ckpt,5,11.87015438079834,0.473363995552063,0.001,1e-05,https://wandb.ai/rajesh-lab/symile/runs/bihyyevy
20240423_115936_9838,clip,/gpfs/scratch/as16583/ckpts/high_dim/20240423_115936_9838/epoch=7-val_loss=11.8546-val_accuracy=0.4738.ckpt,7,11.854634284973145,0.47381600737571716,0.001,1e-05,https://wandb.ai/rajesh-lab/symile/runs/bihyyevy
20240423_115936_9838,clip,/gpfs/scratch/as16583/ckpts/high_dim/20240423_115936_9838/epoch=9-val_loss=11.8442-val_accuracy=0.4735.ckpt,9,11.844202995300293,0.47351598739624023,0.001,1e-05,https://wandb.ai/rajesh-lab/symile/runs/bihyyevy
20240423_115936_9838,clip,/gpfs/scratch/as16583/ckpts/high_dim/20240423_115936_9838/epoch=11-val_loss=11.8372-val_accuracy=0.4746.ckpt,11,11.837179183959961,0.474588006734848,0.001,1e-05,https://wandb.ai/rajesh-lab/symile/runs/bihyyevy
20240423_115936_9838,clip,/gpfs/scratch/as16583/ckpts/high_dim/20240423_115936_9838/epoch=13-val_loss=11.8336-val_accuracy=0.4756.ckpt,13,11.833630561828613,0.4755859971046448,0.001,1e-05,https://wandb.ai/rajesh-lab/symile/runs/bihyyevy
20240423_115936_9838,clip,/gpfs/scratch/as16583/ckpts/high_dim/20240423_115936_9838/epoch=15-val_loss=11.8317-val_accuracy=0.4744.ckpt,15,11.83172607421875,0.4744339883327484,0.001,1e-05,https://wandb.ai/rajesh-lab/symile/runs/bihyyevy
20240423_115936_9838,clip,/gpfs/scratch/as16583/ckpts/high_dim/20240423_115936_9838/epoch=17-val_loss=11.8288-val_accuracy=0.4750.ckpt,17,11.828800201416016,0.4749859869480133,0.001,1e-05,https://wandb.ai/rajesh-lab/symile/runs/bihyyevy
20240423_115936_9838,clip,/gpfs/scratch/as16583/ckpts/high_dim/20240423_115936_9838/epoch=19-val_loss=11.8281-val_accuracy=0.4752.ckpt,19,11.828109741210938,0.4752280116081238,0.001,1e-05,https://wandb.ai/rajesh-lab/symile/runs/bihyyevy
20240423_115936_9838,clip,/gpfs/scratch/as16583/ckpts/high_dim/20240423_115936_9838/epoch=21-val_loss=11.8274-val_accuracy=0.4759.ckpt,21,11.827398300170898,0.47588399052619934,0.001,1e-05,https://wandb.ai/rajesh-lab/symile/runs/bihyyevy
20240423_115936_9838,clip,/gpfs/scratch/as16583/ckpts/high_dim/20240423_115936_9838/epoch=23-val_loss=11.8288-val_accuracy=0.4751.ckpt,23,11.828797340393066,0.47513601183891296,0.001,1e-05,https://wandb.ai/rajesh-lab/symile/runs/bihyyevy
20240505_050747_1400,symile-all-negs,/gpfs/scratch/as16583/ckpts/high_dim/20240505_050747_1400/epoch=1-val_loss=5.6722-val_accuracy=0.9333.ckpt,1,5.6722,0.9333,0.0,0.0001,https://wandb.ai/rajesh-lab/symile/runs/zz15mf7h
20240505_050747_1400,symile-all-negs,/gpfs/scratch/as16583/ckpts/high_dim/20240505_050747_1400/epoch=3-val_loss=5.6347-val_accuracy=0.9282.ckpt,3,5.6347,0.9282,0.0,0.0001,https://wandb.ai/rajesh-lab/symile/runs/zz15mf7h
20240505_050747_1400,symile-all-negs,/gpfs/scratch/as16583/ckpts/high_dim/20240505_050747_1400/epoch=5-val_loss=5.6158-val_accuracy=0.9204.ckpt,5,5.6158,0.9204,0.0,0.0001,https://wandb.ai/rajesh-lab/symile/runs/zz15mf7h
20240505_050747_1400,symile-all-negs,/gpfs/scratch/as16583/ckpts/high_dim/20240505_050747_1400/epoch=7-val_loss=5.6052-val_accuracy=0.9202.ckpt,7,5.6052,0.9202,0.0,0.0001,https://wandb.ai/rajesh-lab/symile/runs/zz15mf7h
20240505_050747_1400,symile-all-negs,/gpfs/scratch/as16583/ckpts/high_dim/20240505_050747_1400/epoch=9-val_loss=5.6015-val_accuracy=0.9172.ckpt,9,5.6015,0.9172,0.0,0.0001,https://wandb.ai/rajesh-lab/symile/runs/zz15mf7h
20240505_050747_1400,symile-all-negs,/gpfs/scratch/as16583/ckpts/high_dim/20240505_050747_1400/epoch=11-val_loss=5.6041-val_accuracy=0.9176.ckpt,11,5.6041,0.9176,0.0,0.0001,https://wandb.ai/rajesh-lab/symile/runs/zz15mf7h
20240507_125540_7797,symile-all-negs,/gpfs/scratch/as16583/ckpts/high_dim/20240507_125540_7797/epoch=13-val_loss=5.6139-val_accuracy=0.9183.ckpt,13,5.613941669464111,0.9183200001716614,0.0,0.0001,https://wandb.ai/rajesh-lab/symile/runs/zz15mf7h
20240507_125540_7797,symile-all-negs,/gpfs/scratch/as16583/ckpts/high_dim/20240507_125540_7797/epoch=15-val_loss=5.6292-val_accuracy=0.9168.ckpt,15,5.629240989685059,0.9168199896812439,0.0,0.0001,https://wandb.ai/rajesh-lab/symile/runs/zz15mf7h
20240507_125540_7797,symile-all-negs,/gpfs/scratch/as16583/ckpts/high_dim/20240507_125540_7797/epoch=17-val_loss=5.6474-val_accuracy=0.9228.ckpt,17,5.647390365600586,0.9227659702301025,0.0,0.0001,https://wandb.ai/rajesh-lab/symile/runs/zz15mf7h
20240507_125540_7797,symile-all-negs,/gpfs/scratch/as16583/ckpts/high_dim/20240507_125540_7797/epoch=19-val_loss=5.6743-val_accuracy=0.9190.ckpt,19,5.674267768859863,0.9189820289611816,0.0,0.0001,https://wandb.ai/rajesh-lab/symile/runs/zz15mf7h
20240507_125540_7797,symile-all-negs,/gpfs/scratch/as16583/ckpts/high_dim/20240507_125540_7797/epoch=21-val_loss=5.6989-val_accuracy=0.9194.ckpt,21,5.698881149291992,0.9193519949913025,0.0,0.0001,https://wandb.ai/rajesh-lab/symile/runs/zz15mf7h
20240507_125540_7797,symile-all-negs,/gpfs/scratch/as16583/ckpts/high_dim/20240507_125540_7797/epoch=23-val_loss=5.7301-val_accuracy=0.9209.ckpt,23,5.730092525482178,0.9208800196647644,0.0,0.0001,https://wandb.ai/rajesh-lab/symile/runs/zz15mf7h
20240505_053048_7256,symile-all-negs,/gpfs/scratch/as16583/ckpts/high_dim/20240505_053048_7256/epoch=1-val_loss=5.6725-val_accuracy=0.9359.ckpt,1,5.6725,0.9359,0.0,5e-05,https://wandb.ai/rajesh-lab/symile/runs/zz15mf7h
20240505_053048_7256,symile-all-negs,/gpfs/scratch/as16583/ckpts/high_dim/20240505_053048_7256/epoch=3-val_loss=5.6311-val_accuracy=0.9296.ckpt,3,5.6311,0.9296,0.0,5e-05,https://wandb.ai/rajesh-lab/symile/runs/zz15mf7h
20240505_053048_7256,symile-all-negs,/gpfs/scratch/as16583/ckpts/high_dim/20240505_053048_7256/epoch=5-val_loss=5.6136-val_accuracy=0.9238.ckpt,5,5.6136,0.9238,0.0,5e-05,https://wandb.ai/rajesh-lab/symile/runs/zz15mf7h
20240505_053048_7256,symile-all-negs,/gpfs/scratch/as16583/ckpts/high_dim/20240505_053048_7256/epoch=7-val_loss=5.6022-val_accuracy=0.9247.ckpt,7,5.6022,0.9247,0.0,5e-05,https://wandb.ai/rajesh-lab/symile/runs/zz15mf7h
20240505_053048_7256,symile-all-negs,/gpfs/scratch/as16583/ckpts/high_dim/20240505_053048_7256/epoch=9-val_loss=5.6003-val_accuracy=0.9224.ckpt,9,5.6003,0.9224,0.0,5e-05,https://wandb.ai/rajesh-lab/symile/runs/zz15mf7h
20240505_053048_7256,symile-all-negs,/gpfs/scratch/as16583/ckpts/high_dim/20240505_053048_7256/epoch=11-val_loss=5.6042-val_accuracy=0.9204.ckpt,11,5.6042,0.9204,0.0,5e-05,https://wandb.ai/rajesh-lab/symile/runs/zz15mf7h
20240507_125636_3576,symile-all-negs,/gpfs/scratch/as16583/ckpts/high_dim/20240507_125636_3576/epoch=13-val_loss=5.6175-val_accuracy=0.9191.ckpt,13,5.617535591125488,0.9190580248832703,0.0,5e-05,https://wandb.ai/rajesh-lab/symile/runs/d2yrkb9o
20240507_125636_3576,symile-all-negs,/gpfs/scratch/as16583/ckpts/high_dim/20240507_125636_3576/epoch=15-val_loss=5.6385-val_accuracy=0.9214.ckpt,15,5.638483047485352,0.9214320182800293,0.0,5e-05,https://wandb.ai/rajesh-lab/symile/runs/d2yrkb9o
20240507_125636_3576,symile-all-negs,/gpfs/scratch/as16583/ckpts/high_dim/20240507_125636_3576/epoch=17-val_loss=5.6612-val_accuracy=0.9201.ckpt,17,5.661223888397217,0.9200519919395447,0.0,5e-05,https://wandb.ai/rajesh-lab/symile/runs/d2yrkb9o
20240507_125636_3576,symile-all-negs,/gpfs/scratch/as16583/ckpts/high_dim/20240507_125636_3576/epoch=19-val_loss=5.6938-val_accuracy=0.9209.ckpt,19,5.693761348724365,0.9208580255508423,0.0,5e-05,https://wandb.ai/rajesh-lab/symile/runs/d2yrkb9o
20240507_125636_3576,symile-all-negs,/gpfs/scratch/as16583/ckpts/high_dim/20240507_125636_3576/epoch=21-val_loss=5.7284-val_accuracy=0.9200.ckpt,21,5.728429794311523,0.9200000166893005,0.0,5e-05,https://wandb.ai/rajesh-lab/symile/runs/d2yrkb9o
20240507_125636_3576,symile-all-negs,/gpfs/scratch/as16583/ckpts/high_dim/20240507_125636_3576/epoch=23-val_loss=5.7611-val_accuracy=0.9217.ckpt,23,5.761099338531494,0.9217140078544617,0.0,5e-05,https://wandb.ai/rajesh-lab/symile/runs/d2yrkb9o
20240505_061947_1913,symile-all-negs,/gpfs/scratch/as16583/ckpts/high_dim/20240505_061947_1913/epoch=1-val_loss=5.7527-val_accuracy=0.9393.ckpt,1,5.7527,0.9393,0.0,1e-05,https://wandb.ai/rajesh-lab/symile/runs/yi241fbx
20240505_061947_1913,symile-all-negs,/gpfs/scratch/as16583/ckpts/high_dim/20240505_061947_1913/epoch=3-val_loss=5.6790-val_accuracy=0.9428.ckpt,3,5.679,0.9428,0.0,1e-05,https://wandb.ai/rajesh-lab/symile/runs/yi241fbx
20240505_061947_1913,symile-all-negs,/gpfs/scratch/as16583/ckpts/high_dim/20240505_061947_1913/epoch=5-val_loss=5.6476-val_accuracy=0.9392.ckpt,5,5.6476,0.9392,0.0,1e-05,https://wandb.ai/rajesh-lab/symile/runs/yi241fbx
20240505_061947_1913,symile-all-negs,/gpfs/scratch/as16583/ckpts/high_dim/20240505_061947_1913/epoch=7-val_loss=5.6276-val_accuracy=0.9387.ckpt,7,5.6276,0.9387,0.0,1e-05,https://wandb.ai/rajesh-lab/symile/runs/yi241fbx
20240505_061947_1913,symile-all-negs,/gpfs/scratch/as16583/ckpts/high_dim/20240505_061947_1913/epoch=9-val_loss=5.6168-val_accuracy=0.9343.ckpt,9,5.6168,0.9343,0.0,1e-05,https://wandb.ai/rajesh-lab/symile/runs/yi241fbx
20240505_061947_1913,symile-all-negs,/gpfs/scratch/as16583/ckpts/high_dim/20240505_061947_1913/epoch=11-val_loss=5.6118-val_accuracy=0.9338.ckpt,11,5.6118,0.9338,0.0,1e-05,https://wandb.ai/rajesh-lab/symile/runs/yi241fbx
20240507_125636_1323,symile-all-negs,/gpfs/scratch/as16583/ckpts/high_dim/20240507_125636_1323/epoch=13-val_loss=5.6113-val_accuracy=0.9310.ckpt,13,5.611288070678711,0.9309840202331543,0.0,1e-05,https://wandb.ai/rajesh-lab/symile/runs/yi241fbx
20240507_125636_1323,symile-all-negs,/gpfs/scratch/as16583/ckpts/high_dim/20240507_125636_1323/epoch=15-val_loss=5.6132-val_accuracy=0.9305.ckpt,15,5.613223075866699,0.9305440187454224,0.0,1e-05,https://wandb.ai/rajesh-lab/symile/runs/yi241fbx
20240507_125636_1323,symile-all-negs,/gpfs/scratch/as16583/ckpts/high_dim/20240507_125636_1323/epoch=17-val_loss=5.6235-val_accuracy=0.9283.ckpt,17,5.62350606918335,0.9283220171928406,0.0,1e-05,https://wandb.ai/rajesh-lab/symile/runs/yi241fbx
20240507_125636_1323,symile-all-negs,/gpfs/scratch/as16583/ckpts/high_dim/20240507_125636_1323/epoch=19-val_loss=5.6365-val_accuracy=0.9279.ckpt,19,5.636533737182617,0.9278860092163086,0.0,1e-05,https://wandb.ai/rajesh-lab/symile/runs/yi241fbx
20240507_125636_1323,symile-all-negs,/gpfs/scratch/as16583/ckpts/high_dim/20240507_125636_1323/epoch=21-val_loss=5.6542-val_accuracy=0.9261.ckpt,21,5.654183387756348,0.9260979890823364,0.0,1e-05,https://wandb.ai/rajesh-lab/symile/runs/yi241fbx
20240507_125636_1323,symile-all-negs,/gpfs/scratch/as16583/ckpts/high_dim/20240507_125636_1323/epoch=23-val_loss=5.6754-val_accuracy=0.9277.ckpt,23,5.675355911254883,0.9277139902114868,0.0,1e-05,https://wandb.ai/rajesh-lab/symile/runs/yi241fbx
20240505_070649_0088,symile-all-negs,/gpfs/scratch/as16583/ckpts/high_dim/20240505_070649_0088/epoch=1-val_loss=5.6722-val_accuracy=0.9333.ckpt,1,5.6722,0.9333,0.0001,0.0001,https://wandb.ai/rajesh-lab/symile/runs/d45s382b
20240505_070649_0088,symile-all-negs,/gpfs/scratch/as16583/ckpts/high_dim/20240505_070649_0088/epoch=3-val_loss=5.6347-val_accuracy=0.9282.ckpt,3,5.6347,0.9282,0.0001,0.0001,https://wandb.ai/rajesh-lab/symile/runs/d45s382b
20240505_070649_0088,symile-all-negs,/gpfs/scratch/as16583/ckpts/high_dim/20240505_070649_0088/epoch=5-val_loss=5.6158-val_accuracy=0.9204.ckpt,5,5.6158,0.9204,0.0001,0.0001,https://wandb.ai/rajesh-lab/symile/runs/d45s382b
20240505_070649_0088,symile-all-negs,/gpfs/scratch/as16583/ckpts/high_dim/20240505_070649_0088/epoch=7-val_loss=5.6052-val_accuracy=0.9202.ckpt,7,5.6052,0.9202,0.0001,0.0001,https://wandb.ai/rajesh-lab/symile/runs/d45s382b
20240505_070649_0088,symile-all-negs,/gpfs/scratch/as16583/ckpts/high_dim/20240505_070649_0088/epoch=9-val_loss=5.6015-val_accuracy=0.9172.ckpt,9,5.6015,0.9172,0.0001,0.0001,https://wandb.ai/rajesh-lab/symile/runs/d45s382b
20240505_070649_0088,symile-all-negs,/gpfs/scratch/as16583/ckpts/high_dim/20240505_070649_0088/epoch=11-val_loss=5.6041-val_accuracy=0.9176.ckpt,11,5.6041,0.9176,0.0001,0.0001,https://wandb.ai/rajesh-lab/symile/runs/d45s382b
20240507_125842_2551,symile-all-negs,/gpfs/scratch/as16583/ckpts/high_dim/20240507_125842_2551/epoch=13-val_loss=5.6139-val_accuracy=0.9183.ckpt,13,5.613941669464111,0.9183200001716614,0.0001,0.0001,https://wandb.ai/rajesh-lab/symile/runs/d45s382b
20240507_125842_2551,symile-all-negs,/gpfs/scratch/as16583/ckpts/high_dim/20240507_125842_2551/epoch=15-val_loss=5.6292-val_accuracy=0.9168.ckpt,15,5.629240989685059,0.9168199896812439,0.0001,0.0001,https://wandb.ai/rajesh-lab/symile/runs/d45s382b
20240507_125842_2551,symile-all-negs,/gpfs/scratch/as16583/ckpts/high_dim/20240507_125842_2551/epoch=17-val_loss=5.6474-val_accuracy=0.9228.ckpt,17,5.647390365600586,0.9227659702301025,0.0001,0.0001,https://wandb.ai/rajesh-lab/symile/runs/d45s382b
20240507_125842_2551,symile-all-negs,/gpfs/scratch/as16583/ckpts/high_dim/20240507_125842_2551/epoch=19-val_loss=5.6743-val_accuracy=0.9190.ckpt,19,5.674267768859863,0.9189820289611816,0.0001,0.0001,https://wandb.ai/rajesh-lab/symile/runs/d45s382b
20240507_125842_2551,symile-all-negs,/gpfs/scratch/as16583/ckpts/high_dim/20240507_125842_2551/epoch=21-val_loss=5.6989-val_accuracy=0.9194.ckpt,21,5.698881149291992,0.9193519949913025,0.0001,0.0001,https://wandb.ai/rajesh-lab/symile/runs/d45s382b
20240507_125842_2551,symile-all-negs,/gpfs/scratch/as16583/ckpts/high_dim/20240507_125842_2551/epoch=23-val_loss=5.7301-val_accuracy=0.9209.ckpt,23,5.730092525482178,0.9208800196647644,0.0001,0.0001,https://wandb.ai/rajesh-lab/symile/runs/d45s382b
20240505_073132_7012,symile-all-negs,/gpfs/scratch/as16583/ckpts/high_dim/20240505_073132_7012/epoch=1-val_loss=5.6725-val_accuracy=0.9359.ckpt,1,5.6725,0.9359,0.0001,5e-05,https://wandb.ai/rajesh-lab/symile/runs/hjvfms42
20240505_073132_7012,symile-all-negs,/gpfs/scratch/as16583/ckpts/high_dim/20240505_073132_7012/epoch=3-val_loss=5.6311-val_accuracy=0.9296.ckpt,3,5.6311,0.9296,0.0001,5e-05,https://wandb.ai/rajesh-lab/symile/runs/hjvfms42
20240505_073132_7012,symile-all-negs,/gpfs/scratch/as16583/ckpts/high_dim/20240505_073132_7012/epoch=5-val_loss=5.6136-val_accuracy=0.9238.ckpt,5,5.6136,0.9238,0.0001,5e-05,https://wandb.ai/rajesh-lab/symile/runs/hjvfms42
20240505_073132_7012,symile-all-negs,/gpfs/scratch/as16583/ckpts/high_dim/20240505_073132_7012/epoch=7-val_loss=5.6022-val_accuracy=0.9247.ckpt,7,5.6022,0.9247,0.0001,5e-05,https://wandb.ai/rajesh-lab/symile/runs/hjvfms42
20240505_073132_7012,symile-all-negs,/gpfs/scratch/as16583/ckpts/high_dim/20240505_073132_7012/epoch=9-val_loss=5.6003-val_accuracy=0.9224.ckpt,9,5.6003,0.9224,0.0001,5e-05,https://wandb.ai/rajesh-lab/symile/runs/hjvfms42
20240505_073132_7012,symile-all-negs,/gpfs/scratch/as16583/ckpts/high_dim/20240505_073132_7012/epoch=11-val_loss=5.6042-val_accuracy=0.9204.ckpt,11,5.6042,0.9204,0.0001,5e-05,https://wandb.ai/rajesh-lab/symile/runs/hjvfms42
20240507_150555_1783,symile-all-negs,/gpfs/scratch/as16583/ckpts/high_dim/20240507_150555_1783/epoch=13-val_loss=5.6175-val_accuracy=0.9191.ckpt,13,5.617535591125488,0.9190580248832703,0.0001,5e-05,https://wandb.ai/rajesh-lab/symile/runs/hjvfms42
20240507_150555_1783,symile-all-negs,/gpfs/scratch/as16583/ckpts/high_dim/20240507_150555_1783/epoch=15-val_loss=5.6385-val_accuracy=0.9214.ckpt,15,5.638483047485352,0.9214320182800293,0.0001,5e-05,https://wandb.ai/rajesh-lab/symile/runs/hjvfms42
20240507_150555_1783,symile-all-negs,/gpfs/scratch/as16583/ckpts/high_dim/20240507_150555_1783/epoch=17-val_loss=5.6612-val_accuracy=0.9201.ckpt,17,5.661223888397217,0.9200519919395447,0.0001,5e-05,https://wandb.ai/rajesh-lab/symile/runs/hjvfms42
20240507_150555_1783,symile-all-negs,/gpfs/scratch/as16583/ckpts/high_dim/20240507_150555_1783/epoch=19-val_loss=5.6938-val_accuracy=0.9209.ckpt,19,5.693761348724365,0.9208580255508423,0.0001,5e-05,https://wandb.ai/rajesh-lab/symile/runs/hjvfms42
20240507_150555_1783,symile-all-negs,/gpfs/scratch/as16583/ckpts/high_dim/20240507_150555_1783/epoch=21-val_loss=5.7284-val_accuracy=0.9200.ckpt,21,5.728429794311523,0.9200000166893005,0.0001,5e-05,https://wandb.ai/rajesh-lab/symile/runs/hjvfms42
20240507_150555_1783,symile-all-negs,/gpfs/scratch/as16583/ckpts/high_dim/20240507_150555_1783/epoch=23-val_loss=5.7611-val_accuracy=0.9217.ckpt,23,5.761099338531494,0.9217140078544617,0.0001,5e-05,https://wandb.ai/rajesh-lab/symile/runs/hjvfms42
20240505_074033_4904,symile-all-negs,/gpfs/scratch/as16583/ckpts/high_dim/20240505_074033_4904/epoch=1-val_loss=5.7527-val_accuracy=0.9393.ckpt,1,5.7527,0.9393,0.0001,1e-05,https://wandb.ai/rajesh-lab/symile/runs/yby6qc46
20240505_074033_4904,symile-all-negs,/gpfs/scratch/as16583/ckpts/high_dim/20240505_074033_4904/epoch=3-val_loss=5.6790-val_accuracy=0.9428.ckpt,3,5.679,0.9428,0.0001,1e-05,https://wandb.ai/rajesh-lab/symile/runs/yby6qc46
20240505_074033_4904,symile-all-negs,/gpfs/scratch/as16583/ckpts/high_dim/20240505_074033_4904/epoch=5-val_loss=5.6476-val_accuracy=0.9392.ckpt,5,5.6476,0.9392,0.0001,1e-05,https://wandb.ai/rajesh-lab/symile/runs/yby6qc46
20240505_074033_4904,symile-all-negs,/gpfs/scratch/as16583/ckpts/high_dim/20240505_074033_4904/epoch=7-val_loss=5.6276-val_accuracy=0.9387.ckpt,7,5.6276,0.9387,0.0001,1e-05,https://wandb.ai/rajesh-lab/symile/runs/yby6qc46
20240505_074033_4904,symile-all-negs,/gpfs/scratch/as16583/ckpts/high_dim/20240505_074033_4904/epoch=9-val_loss=5.6168-val_accuracy=0.9343.ckpt,9,5.6168,0.9343,0.0001,1e-05,https://wandb.ai/rajesh-lab/symile/runs/yby6qc46
20240505_074033_4904,symile-all-negs,/gpfs/scratch/as16583/ckpts/high_dim/20240505_074033_4904/epoch=11-val_loss=5.6118-val_accuracy=0.9338.ckpt,11,5.6118,0.9338,0.0001,1e-05,https://wandb.ai/rajesh-lab/symile/runs/yby6qc46
20240510_123521_5692,symile-all-negs,/gpfs/scratch/as16583/ckpts/high_dim/20240510_123521_5692/epoch=13-val_loss=5.6113-val_accuracy=0.9310.ckpt,13,5.611288070678711,0.9309840202331543,0.0001,1e-05,https://wandb.ai/rajesh-lab/symile/runs/yby6qc46
20240510_123521_5692,symile-all-negs,/gpfs/scratch/as16583/ckpts/high_dim/20240510_123521_5692/epoch=15-val_loss=5.6132-val_accuracy=0.9305.ckpt,15,5.613223075866699,0.9305440187454224,0.0001,1e-05,https://wandb.ai/rajesh-lab/symile/runs/yby6qc46
20240510_123521_5692,symile-all-negs,/gpfs/scratch/as16583/ckpts/high_dim/20240510_123521_5692/epoch=17-val_loss=5.6235-val_accuracy=0.9283.ckpt,17,5.62350606918335,0.9283220171928406,0.0001,1e-05,https://wandb.ai/rajesh-lab/symile/runs/yby6qc46
20240510_123521_5692,symile-all-negs,/gpfs/scratch/as16583/ckpts/high_dim/20240510_123521_5692/epoch=19-val_loss=5.6365-val_accuracy=0.9279.ckpt,19,5.636533737182617,0.9278860092163086,0.0001,1e-05,https://wandb.ai/rajesh-lab/symile/runs/yby6qc46
20240510_123521_5692,symile-all-negs,/gpfs/scratch/as16583/ckpts/high_dim/20240510_123521_5692/epoch=21-val_loss=5.6542-val_accuracy=0.9261.ckpt,21,5.654183387756348,0.9260979890823364,0.0001,1e-05,https://wandb.ai/rajesh-lab/symile/runs/yby6qc46
20240510_123521_5692,symile-all-negs,/gpfs/scratch/as16583/ckpts/high_dim/20240510_123521_5692/epoch=23-val_loss=5.6754-val_accuracy=0.9277.ckpt,23,5.675355911254883,0.9277139902114868,0.0001,1e-05,https://wandb.ai/rajesh-lab/symile/runs/yby6qc46
20240505_074504_8576,symile-all-negs,/gpfs/scratch/as16583/ckpts/high_dim/20240505_074504_8576/epoch=1-val_loss=5.6732-val_accuracy=0.9328.ckpt,1,5.6732,0.9328,0.001,0.0001,https://wandb.ai/rajesh-lab/symile/runs/oqrdteht
20240505_074504_8576,symile-all-negs,/gpfs/scratch/as16583/ckpts/high_dim/20240505_074504_8576/epoch=3-val_loss=5.6350-val_accuracy=0.9295.ckpt,3,5.635,0.9295,0.001,0.0001,https://wandb.ai/rajesh-lab/symile/runs/oqrdteht
20240505_074504_8576,symile-all-negs,/gpfs/scratch/as16583/ckpts/high_dim/20240505_074504_8576/epoch=5-val_loss=5.6167-val_accuracy=0.9201.ckpt,5,5.6167,0.9201,0.001,0.0001,https://wandb.ai/rajesh-lab/symile/runs/oqrdteht
20240505_074504_8576,symile-all-negs,/gpfs/scratch/as16583/ckpts/high_dim/20240505_074504_8576/epoch=7-val_loss=5.6049-val_accuracy=0.9196.ckpt,7,5.6049,0.9196,0.001,0.0001,https://wandb.ai/rajesh-lab/symile/runs/oqrdteht
20240505_074504_8576,symile-all-negs,/gpfs/scratch/as16583/ckpts/high_dim/20240505_074504_8576/epoch=9-val_loss=5.6014-val_accuracy=0.9181.ckpt,9,5.6014,0.9181,0.001,0.0001,https://wandb.ai/rajesh-lab/symile/runs/oqrdteht
20240505_074504_8576,symile-all-negs,/gpfs/scratch/as16583/ckpts/high_dim/20240505_074504_8576/epoch=11-val_loss=5.6044-val_accuracy=0.9175.ckpt,11,5.6044,0.9175,0.001,0.0001,https://wandb.ai/rajesh-lab/symile/runs/oqrdteht
20240510_125216_1804,symile-all-negs,/gpfs/scratch/as16583/ckpts/high_dim/20240510_125216_1804/epoch=13-val_loss=5.6138-val_accuracy=0.9187.ckpt,13,5.613770961761475,0.9187120199203491,0.001,0.0001,https://wandb.ai/rajesh-lab/symile/runs/oqrdteht
20240510_125216_1804,symile-all-negs,/gpfs/scratch/as16583/ckpts/high_dim/20240510_125216_1804/epoch=15-val_loss=5.6305-val_accuracy=0.9174.ckpt,15,5.630528926849365,0.9174479842185974,0.001,0.0001,https://wandb.ai/rajesh-lab/symile/runs/oqrdteht
20240510_125216_1804,symile-all-negs,/gpfs/scratch/as16583/ckpts/high_dim/20240510_125216_1804/epoch=17-val_loss=5.6459-val_accuracy=0.9211.ckpt,17,5.645883083343506,0.921068012714386,0.001,0.0001,https://wandb.ai/rajesh-lab/symile/runs/oqrdteht
20240510_125216_1804,symile-all-negs,/gpfs/scratch/as16583/ckpts/high_dim/20240510_125216_1804/epoch=19-val_loss=5.6729-val_accuracy=0.9175.ckpt,19,5.67289400100708,0.9174879789352417,0.001,0.0001,https://wandb.ai/rajesh-lab/symile/runs/oqrdteht
20240510_125216_1804,symile-all-negs,/gpfs/scratch/as16583/ckpts/high_dim/20240510_125216_1804/epoch=21-val_loss=5.6954-val_accuracy=0.9184.ckpt,21,5.695415496826172,0.9183800220489502,0.001,0.0001,https://wandb.ai/rajesh-lab/symile/runs/oqrdteht
20240510_125216_1804,symile-all-negs,/gpfs/scratch/as16583/ckpts/high_dim/20240510_125216_1804/epoch=23-val_loss=5.7243-val_accuracy=0.9204.ckpt,23,5.724313735961914,0.9203739762306213,0.001,0.0001,https://wandb.ai/rajesh-lab/symile/runs/oqrdteht
20240507_053115_9525,symile-all-negs,/gpfs/scratch/as16583/ckpts/high_dim/20240507_053115_9525/epoch=1-val_loss=5.6728-val_accuracy=0.9361.ckpt,1,5.6728,0.9361,0.001,5e-05,https://wandb.ai/rajesh-lab/symile/runs/mzbwptn2
20240507_053115_9525,symile-all-negs,/gpfs/scratch/as16583/ckpts/high_dim/20240507_053115_9525/epoch=3-val_loss=5.6314-val_accuracy=0.9298.ckpt,3,5.6314,0.9298,0.001,5e-05,https://wandb.ai/rajesh-lab/symile/runs/mzbwptn2
20240507_053115_9525,symile-all-negs,/gpfs/scratch/as16583/ckpts/high_dim/20240507_053115_9525/epoch=5-val_loss=5.6140-val_accuracy=0.9240.ckpt,5,5.614,0.924,0.001,5e-05,https://wandb.ai/rajesh-lab/symile/runs/mzbwptn2
20240507_053115_9525,symile-all-negs,/gpfs/scratch/as16583/ckpts/high_dim/20240507_053115_9525/epoch=7-val_loss=5.6027-val_accuracy=0.9251.ckpt,7,5.6027,0.9251,0.001,5e-05,https://wandb.ai/rajesh-lab/symile/runs/mzbwptn2
20240507_053115_9525,symile-all-negs,/gpfs/scratch/as16583/ckpts/high_dim/20240507_053115_9525/epoch=9-val_loss=5.6008-val_accuracy=0.9223.ckpt,9,5.6008,0.9223,0.001,5e-05,https://wandb.ai/rajesh-lab/symile/runs/mzbwptn2
20240507_053115_9525,symile-all-negs,/gpfs/scratch/as16583/ckpts/high_dim/20240507_053115_9525/epoch=11-val_loss=5.6048-val_accuracy=0.9211.ckpt,11,5.6048,0.9211,0.001,5e-05,https://wandb.ai/rajesh-lab/symile/runs/mzbwptn2
20240509_122905_8424,symile-all-negs,/gpfs/scratch/as16583/ckpts/high_dim/20240509_122905_8424/epoch=13-val_loss=5.6182-val_accuracy=0.9191.ckpt,13,5.618195056915283,0.9191039800643921,0.001,5e-05,https://wandb.ai/rajesh-lab/symile/runs/mzbwptn2
20240509_122905_8424,symile-all-negs,/gpfs/scratch/as16583/ckpts/high_dim/20240509_122905_8424/epoch=15-val_loss=5.6390-val_accuracy=0.9214.ckpt,15,5.6390252113342285,0.9213879704475403,0.001,5e-05,https://wandb.ai/rajesh-lab/symile/runs/mzbwptn2
20240509_122905_8424,symile-all-negs,/gpfs/scratch/as16583/ckpts/high_dim/20240509_122905_8424/epoch=17-val_loss=5.6609-val_accuracy=0.9203.ckpt,17,5.660933494567871,0.9202759861946106,0.001,5e-05,https://wandb.ai/rajesh-lab/symile/runs/mzbwptn2
20240509_122905_8424,symile-all-negs,/gpfs/scratch/as16583/ckpts/high_dim/20240509_122905_8424/epoch=19-val_loss=5.6940-val_accuracy=0.9204.ckpt,19,5.69396448135376,0.9203699827194214,0.001,5e-05,https://wandb.ai/rajesh-lab/symile/runs/mzbwptn2
20240509_122905_8424,symile-all-negs,/gpfs/scratch/as16583/ckpts/high_dim/20240509_122905_8424/epoch=21-val_loss=5.7271-val_accuracy=0.9194.ckpt,21,5.727137088775635,0.919435977935791,0.001,5e-05,https://wandb.ai/rajesh-lab/symile/runs/mzbwptn2
20240509_122905_8424,symile-all-negs,/gpfs/scratch/as16583/ckpts/high_dim/20240509_122905_8424/epoch=23-val_loss=5.7607-val_accuracy=0.9224.ckpt,23,5.760659694671631,0.9224079847335815,0.001,5e-05,https://wandb.ai/rajesh-lab/symile/runs/mzbwptn2
20240507_050818_5995,symile-all-negs,/gpfs/scratch/as16583/ckpts/high_dim/20240507_050818_5995/epoch=1-val_loss=5.7527-val_accuracy=0.9393.ckpt,1,5.7527,0.9393,0.001,1e-05,https://wandb.ai/rajesh-lab/symile/runs/na8czibf
20240507_050818_5995,symile-all-negs,/gpfs/scratch/as16583/ckpts/high_dim/20240507_050818_5995/epoch=3-val_loss=5.6790-val_accuracy=0.9428.ckpt,3,5.679,0.9428,0.001,1e-05,https://wandb.ai/rajesh-lab/symile/runs/na8czibf
20240507_050818_5995,symile-all-negs,/gpfs/scratch/as16583/ckpts/high_dim/20240507_050818_5995/epoch=5-val_loss=5.6476-val_accuracy=0.9392.ckpt,5,5.6476,0.9392,0.001,1e-05,https://wandb.ai/rajesh-lab/symile/runs/na8czibf
20240507_050818_5995,symile-all-negs,/gpfs/scratch/as16583/ckpts/high_dim/20240507_050818_5995/epoch=7-val_loss=5.6276-val_accuracy=0.9387.ckpt,7,5.6276,0.9387,0.001,1e-05,https://wandb.ai/rajesh-lab/symile/runs/na8czibf
20240507_050818_5995,symile-all-negs,/gpfs/scratch/as16583/ckpts/high_dim/20240507_050818_5995/epoch=9-val_loss=5.6168-val_accuracy=0.9343.ckpt,9,5.6168,0.9343,0.001,1e-05,https://wandb.ai/rajesh-lab/symile/runs/na8czibf
20240507_050818_5995,symile-all-negs,/gpfs/scratch/as16583/ckpts/high_dim/20240507_050818_5995/epoch=11-val_loss=5.6118-val_accuracy=0.9338.ckpt,11,5.6118,0.9338,0.001,1e-05,https://wandb.ai/rajesh-lab/symile/runs/na8czibf
20240509_123107_0754,symile-all-negs,/gpfs/scratch/as16583/ckpts/high_dim/20240509_123107_0754/epoch=13-val_loss=5.6113-val_accuracy=0.9310.ckpt,13,5.611288070678711,0.9309840202331543,0.001,1e-05,https://wandb.ai/rajesh-lab/symile/runs/na8czibf
20240509_123107_0754,symile-all-negs,/gpfs/scratch/as16583/ckpts/high_dim/20240509_123107_0754/epoch=15-val_loss=5.6132-val_accuracy=0.9305.ckpt,15,5.613223075866699,0.9305440187454224,0.001,1e-05,https://wandb.ai/rajesh-lab/symile/runs/na8czibf
20240509_123107_0754,symile-all-negs,/gpfs/scratch/as16583/ckpts/high_dim/20240509_123107_0754/epoch=17-val_loss=5.6235-val_accuracy=0.9283.ckpt,17,5.62350606918335,0.9283220171928406,0.001,1e-05,https://wandb.ai/rajesh-lab/symile/runs/na8czibf
20240509_123107_0754,symile-all-negs,/gpfs/scratch/as16583/ckpts/high_dim/20240509_123107_0754/epoch=19-val_loss=5.6365-val_accuracy=0.9279.ckpt,19,5.636533737182617,0.9278860092163086,0.001,1e-05,https://wandb.ai/rajesh-lab/symile/runs/na8czibf
20240509_123107_0754,symile-all-negs,/gpfs/scratch/as16583/ckpts/high_dim/20240509_123107_0754/epoch=21-val_loss=5.6542-val_accuracy=0.9261.ckpt,21,5.654183387756348,0.9260979890823364,0.001,1e-05,https://wandb.ai/rajesh-lab/symile/runs/na8czibf
20240509_123107_0754,symile-all-negs,/gpfs/scratch/as16583/ckpts/high_dim/20240509_123107_0754/epoch=23-val_loss=5.6754-val_accuracy=0.9277.ckpt,23,5.675355911254883,0.9277139902114868,0.001,1e-05,https://wandb.ai/rajesh-lab/symile/runs/na8czibf
